id,Overall Qual,Gr Liv Area,Exter Qual,Garage Cars,Garage Area,Kitchen Qual,Total Bsmt SF,1st Flr SF,Bsmt Qual,Full Bath,Year Built,Year Remod/Add,Garage Yr Blt,target
1,10,2392,Ex,3,968,Ex,2392,2392,Ex,2,2003,2003,2003,386250
2,7,1352,Gd,2,466,Gd,1352,1352,Ex,2,2006,2007,2006,194000
3,5,900,TA,1,288,TA,864,900,TA,1,1967,1967,1967,123000
4,5,1174,TA,2,576,Gd,680,680,TA,1,1900,2006,2000,135000
5,7,1958,Gd,3,936,Gd,1026,1026,Gd,2,2005,2005,2005,250000
6,8,1968,Gd,3,680,Ex,774,774,Ex,2,2009,2010,2009,269500
7,6,1478,TA,2,442,TA,1478,1478,TA,1,1957,1957,1957,156500
8,8,2524,Gd,2,542,Gd,2524,2524,Gd,2,1981,1981,1981,278000
9,8,2649,Gd,3,746,Gd,1479,1515,Ex,2,2001,2002,2001,421250
10,8,1440,Gd,2,467,Gd,1432,1440,Ex,2,2003,2003,2003,232500
11,3,840,TA,1,250,Fa,798,840,TA,1,1920,1950,1938,64000
12,7,1442,Gd,2,719,Gd,910,1442,Gd,2,1990,1991,1990,179900
13,7,1240,TA,2,528,Gd,1265,1240,Gd,2,1985,1985,1985,174000
14,6,1242,TA,1,180,TA,583,647,TA,1,1935,1950,1926,105000
15,8,1989,Gd,2,586,Gd,1065,1091,Gd,2,2002,2002,2002,255000
16,6,1252,TA,2,564,TA,1602,1252,Gd,1,1960,1975,1960,235000
17,7,1541,Gd,2,532,Gd,1541,1541,Gd,2,2005,2005,2005,220000
18,7,1200,Gd,2,480,Gd,600,600,Gd,2,2004,2005,2004,149500
19,8,2799,Gd,3,704,Gd,1286,1565,Gd,2,1993,1993,1993,315000
20,6,1326,Gd,2,427,Gd,1326,1326,Gd,2,2006,2006,2006,174190
21,5,1008,TA,1,275,TA,1008,1008,TA,1,1954,1954,1954,137000
22,5,943,TA,2,600,TA,943,943,Gd,1,1979,1979,1979,135960
23,7,1651,TA,1,276,TA,725,1035,TA,2,1963,1999,1963,172000
24,4,1005,TA,2,672,Fa,1005,1005,TA,1,1955,1955,1977,115000
25,6,1422,Gd,2,440,Gd,704,704,Gd,2,2005,2006,2005,173000
26,5,1344,TA,1,240,TA,896,896,Gd,1,1936,1950,1936,115000
27,4,1430,TA,2,370,Fa,596,834,TA,2,1924,1950,1924,107000
28,5,1038,Gd,1,264,TA,1038,1038,TA,2,1984,1984,1984,130000
29,9,1792,Gd,3,874,Ex,1792,1792,Ex,2,2003,2004,2003,374000
30,5,1416,TA,2,576,Gd,816,1416,TA,2,1918,2007,2007,112000
31,8,2385,Gd,3,818,Gd,1317,1217,Ex,2,2003,2003,2003,350000
32,5,1033,TA,2,504,TA,456,1033,Gd,1,1976,1976,1976,165000
33,6,1080,TA,2,484,TA,1084,1080,TA,1,1983,1983,1983,134000
34,6,1312,TA,2,649,TA,784,900,TA,1,1947,1950,1953,127000
35,8,2202,Gd,2,517,Gd,1105,1105,Ex,2,1992,1993,1992,263000
36,3,1699,TA,2,420,TA,978,1014,Fa,2,1900,1970,1920,95000
37,6,1488,TA,2,430,TA,1008,1488,TA,1,1964,1964,1964,167000
38,6,1456,TA,2,440,TA,855,855,Gd,2,1978,1978,1978,146000
39,5,1558,TA,1,282,TA,910,910,TA,1,1950,1950,1950,152000
40,5,1316,TA,2,576,TA,750,960,Fa,1,1926,1950,1965,90000
41,6,1502,TA,1,180,Gd,602,900,TA,1,1923,1996,1923,165000
42,5,988,TA,2,572,TA,988,988,TA,1,1961,1961,1963,128500
43,9,1800,Ex,3,944,Ex,1800,1800,Ex,2,2007,2008,2008,370967
44,5,860,TA,2,528,TA,840,860,TA,1,1982,1982,1996,137000
45,6,1285,TA,2,473,Gd,1243,1285,TA,2,1977,1977,1977,190000
46,5,1100,TA,2,462,TA,1100,1100,Gd,1,1996,1996,1996,145000
47,6,1072,TA,2,525,TA,547,1072,Gd,1,2005,2006,2005,142500
48,9,1620,Gd,3,912,Ex,1620,1620,Ex,2,2007,2008,2008,315500
49,5,1350,TA,3,627,Gd,576,864,TA,1,1941,1973,1973,152400
50,7,2353,Gd,2,484,Ex,845,1153,Gd,2,1980,1980,1983,260000
51,7,2067,TA,2,784,Gd,752,1285,TA,2,1974,1974,1974,206000
52,5,990,TA,2,528,TA,990,990,Gd,1,1994,1994,1997,155000
53,8,2199,Gd,2,516,Gd,1173,1182,Gd,2,1997,1997,1997,284500
54,6,1453,TA,2,530,TA,1453,1453,TA,2,1961,1961,1961,187500
55,7,2082,TA,2,484,Gd,1362,1362,Gd,2,2003,2003,2003,200000
56,6,1640,Gd,2,520,Gd,798,798,Gd,2,2004,2004,2004,173000
57,6,1521,TA,3,640,Gd,741,780,TA,1,1910,2002,1950,146500
58,6,1991,TA,2,432,TA,854,1096,TA,1,1932,1950,1977,220000
59,5,1210,TA,1,240,Gd,672,832,TA,1,1941,2006,1941,124000
60,6,1094,TA,2,495,TA,1094,1094,TA,1,1953,1953,1953,155000
61,5,1000,TA,2,575,TA,1000,1000,Gd,1,1963,1963,1993,164000
62,7,1646,Gd,2,482,Ex,1594,1646,Ex,2,2004,2005,2004,250000
63,4,894,TA,2,400,TA,894,894,TA,1,1954,1954,1999,110000
64,7,1221,Gd,2,400,Gd,1221,1221,Gd,2,2004,2005,2004,185000
65,5,868,TA,2,576,TA,768,868,Gd,1,1971,1990,1989,119900
66,4,1049,TA,1,195,TA,356,671,Po,1,1910,2000,1910,80900
67,5,882,TA,1,240,Gd,720,882,TA,1,1952,1952,1952,116000
68,8,1460,Gd,2,480,Gd,1460,1460,Ex,2,2006,2007,2006,247000
69,4,1092,TA,1,253,TA,546,546,TA,1,1972,1972,1972,79400
70,7,1232,Gd,2,632,Gd,1232,1232,Gd,2,2007,2007,2007,194500
71,7,1166,Gd,2,400,Gd,856,1166,Gd,2,2005,2005,2005,190000
72,6,1217,TA,1,288,TA,626,626,Gd,1,1980,1980,1980,120000
73,5,980,TA,1,384,TA,980,980,TA,2,1967,1967,1967,135500
74,8,1665,Gd,2,528,Gd,810,810,Gd,2,2001,2001,2001,227000
75,5,1934,TA,2,567,TA,1122,946,Gd,2,1977,1977,1977,185000
76,5,1246,TA,1,305,Gd,1246,1246,TA,1,1959,1994,1959,154000
77,8,1718,Gd,3,826,Gd,1705,1718,Ex,2,2007,2008,2007,297000
78,7,1767,Gd,2,504,Gd,1064,1064,Gd,2,1987,1987,1987,239000
79,5,1112,TA,2,480,TA,631,1112,TA,1,1951,1951,1951,126000
80,4,1337,TA,1,263,TA,832,832,TA,1,1956,1956,1956,108000
81,5,1352,TA,2,720,Gd,676,676,TA,2,1939,2006,1939,149000
82,6,2007,TA,1,357,Ex,917,1090,Fa,2,1900,1950,1930,160000
83,8,2501,Gd,3,751,Gd,1242,1251,Gd,2,1995,1995,1995,290000
84,6,1650,TA,2,518,TA,1632,1650,Gd,1,1958,1958,1958,250764
85,9,2324,Ex,3,736,Ex,1175,1182,Ex,3,2005,2006,2005,345000
86,5,912,TA,1,252,TA,912,912,TA,1,1962,1962,1962,123000
87,5,1440,TA,2,480,TA,720,720,TA,1,1968,1968,1968,163000
88,8,1646,Gd,2,525,Gd,1594,1646,Ex,2,2004,2005,2004,246000
89,5,935,TA,1,288,TA,935,935,TA,1,1965,1965,1965,137000
90,7,1509,Gd,2,393,Gd,783,807,Gd,2,2003,2003,2003,180000
91,8,1953,Gd,3,1043,Gd,1082,1082,Gd,2,2005,2006,2005,252000
92,5,1411,TA,1,310,TA,1204,1411,TA,1,1955,1975,1955,130000
93,6,1686,TA,2,612,TA,1686,1686,Gd,2,1980,1980,1980,207500
94,4,872,TA,4,480,TA,858,872,TA,1,1971,1971,1974,123000
95,9,2772,Ex,3,754,Ex,1776,1794,Ex,3,2007,2007,2007,462000
96,6,1675,Gd,2,435,Gd,1666,1675,Ex,2,1999,2000,1999,195000
97,9,1561,Ex,2,556,Ex,1561,1561,Ex,2,2005,2005,2005,277500
98,6,1495,Gd,2,440,Gd,738,738,Gd,2,2006,2006,2006,171925
99,7,1258,Gd,2,462,Gd,1246,1258,Gd,2,2007,2007,2007,173500
100,7,1266,Gd,2,388,Gd,1266,1266,Gd,2,2007,2007,2007,159895
101,5,1466,TA,2,528,Fa,1466,1466,TA,1,1959,1959,1959,149900
102,5,1524,TA,1,315,TA,874,874,TA,1,1958,1958,1958,144000
103,8,1324,Gd,2,550,Gd,1324,1324,Gd,2,2006,2006,2006,254000
104,6,1187,TA,2,420,TA,1168,1187,Gd,2,1992,2007,1992,185000
105,5,1160,TA,1,257,Gd,1113,1160,TA,1,1968,1968,1968,152500
106,5,1348,TA,1,216,TA,884,884,TA,1,1925,1997,1960,117000
107,5,960,TA,2,624,TA,960,960,TA,1,1958,1958,2002,125000
108,9,2000,Ex,3,722,Ex,1910,2000,Ex,2,2005,2005,2005,470000
109,4,1092,TA,1,253,TA,546,546,TA,1,1972,1972,1972,85500
110,5,2461,Gd,2,400,TA,1140,1929,TA,2,1952,2002,1994,197600
111,8,2956,Gd,3,916,Ex,1706,1718,Gd,2,2004,2004,2004,342000
112,6,1456,Gd,1,308,Gd,728,728,TA,1,1915,2005,1915,139500
113,8,1321,Gd,2,484,Gd,1312,1321,Gd,1,1990,1990,1990,212000
114,7,1368,Gd,2,474,Gd,1368,1368,Gd,2,2005,2006,2005,202665
115,6,1414,Ex,2,601,TA,1184,1414,Gd,1,1958,2002,1990,176500
116,6,1536,TA,1,308,TA,768,768,TA,1,1952,1952,1952,136000
117,8,2232,Gd,2,623,Gd,1173,1215,Gd,2,1993,1994,1993,263550
118,4,1510,TA,1,296,TA,755,755,TA,1,1940,1950,1940,108000
119,8,1670,Gd,3,928,Gd,1670,1670,Ex,2,2006,2006,2006,336820
120,5,1523,TA,1,295,Fa,1067,986,TA,2,1949,2005,1949,158000
121,10,2393,Ex,2,846,Ex,970,1469,Gd,2,1998,1999,1998,345000
122,7,1789,TA,2,546,TA,858,872,TA,2,2001,2001,2001,223000
123,4,1436,TA,2,528,TA,676,760,Gd,2,1910,2000,1950,98000
124,5,965,TA,2,580,TA,870,965,Gd,1,1996,1996,1998,159000
125,7,1836,Gd,2,484,Gd,1860,1836,Gd,2,2004,2005,2004,216837
126,7,2495,TA,2,342,TA,1313,1313,TA,2,1890,1999,1950,184000
127,6,1587,TA,2,525,TA,1587,1587,TA,2,1971,1971,1971,167300
128,5,2601,TA,2,621,TA,612,990,TA,3,1921,1998,1998,189000
129,7,1080,Gd,2,496,Gd,530,530,Gd,2,2003,2003,2003,139000
130,5,936,TA,1,240,TA,936,936,TA,1,1954,1975,1954,121000
131,5,1365,TA,2,440,TA,765,765,TA,1,1971,1971,1971,122500
132,5,912,TA,1,352,TA,912,912,TA,1,1962,1962,1962,144000
133,8,2872,Gd,2,541,Gd,1683,2129,Gd,2,1992,2000,1992,285000
134,5,1112,TA,1,226,TA,585,687,TA,2,1934,1950,1934,63000
135,5,1040,TA,2,484,Gd,1040,1040,Gd,2,1977,2008,1977,150500
136,6,1114,TA,2,576,Gd,1114,1114,Gd,1,2003,2004,2004,155000
137,5,1273,TA,1,307,TA,1273,1273,TA,1,1960,1960,1960,155000
138,5,1389,TA,2,418,TA,1389,1389,Gd,1,1974,1975,1975,170000
139,6,1657,TA,2,484,TA,1657,1657,Gd,2,1970,1970,1970,163500
140,9,1828,Ex,3,774,Gd,1822,1828,Ex,2,2007,2007,2007,314813
141,5,1142,TA,2,528,TA,1142,1142,Gd,1,1976,1976,1976,134000
142,8,2078,Gd,3,836,Ex,1034,1050,Ex,2,2007,2008,2008,339750
143,7,1820,TA,3,816,Gd,910,910,Gd,2,1996,1997,1996,213000
144,5,1480,TA,1,253,TA,1080,1080,TA,1,1951,1994,1951,136500
145,5,1028,TA,2,360,TA,1008,1028,TA,1,1927,1950,1927,115000
146,6,1775,TA,2,480,TA,533,1131,TA,2,1964,1964,1964,136300
147,6,1344,TA,2,525,Gd,819,1344,TA,1,1958,1958,1958,137500
148,6,958,TA,2,440,TA,1078,958,Gd,2,1976,1976,1977,128000
149,6,1482,TA,1,400,Fa,672,810,TA,2,1925,1950,1934,140000
150,6,1716,TA,2,490,TA,858,858,TA,1,1962,1962,1962,171000
151,10,2007,Ex,3,812,Ex,1017,1026,Ex,2,2008,2008,2008,310000
152,7,1969,TA,2,534,TA,808,1161,Gd,2,1977,1977,1977,190000
153,7,1876,Gd,3,848,Gd,1308,1308,Gd,2,2005,2006,2005,229800
154,6,1142,TA,1,384,TA,160,1142,Gd,1,1958,1958,1958,113500
155,6,2142,TA,1,509,Gd,896,1182,Gd,2,1968,1968,1968,193500
156,4,1056,TA,1,384,TA,1056,1056,TA,1,1966,1966,1966,107000
157,5,833,TA,1,326,Gd,833,833,TA,1,1954,2000,1955,117000
158,5,1600,TA,1,319,TA,1484,1600,TA,1,1957,1997,1957,207500
159,4,960,TA,1,288,TA,672,960,TA,1,1956,1956,1956,112000
160,6,1117,TA,2,672,TA,1029,1117,TA,1,1976,1976,1976,107000
161,6,1285,TA,2,528,TA,660,1285,TA,1,1977,1977,1977,143500
162,5,1040,TA,1,264,TA,1040,1040,TA,1,1966,1966,1966,123000
163,8,2389,Gd,3,672,Gd,1054,1054,Ex,2,2006,2006,2006,298236
164,8,2522,Gd,2,564,Gd,2208,2522,Ex,2,2004,2005,2004,375000
165,5,1026,Gd,1,308,TA,1026,1026,Gd,1,1977,2004,1977,150000
166,5,1022,TA,2,747,TA,1022,1022,Gd,1,1994,1994,1995,139500
167,5,1126,TA,2,506,TA,1060,1126,Gd,1,1984,1984,1984,152000
168,6,912,TA,2,470,TA,888,912,Gd,1,1978,1978,1978,156000
169,7,1640,Gd,2,595,Gd,798,798,Gd,2,2003,2003,2003,183000
170,7,1535,Gd,2,532,Gd,1517,1535,Gd,2,2004,2004,2004,214000
171,7,1504,Gd,2,437,Gd,1346,1504,Gd,2,2005,2006,2005,191000
172,8,1550,Gd,2,528,Gd,1550,1550,Gd,2,2006,2007,2007,207500
173,5,845,TA,1,264,Gd,845,845,TA,1,1982,2005,1982,134500
174,7,1612,Gd,3,666,Gd,796,796,Gd,2,2008,2008,2008,218689
175,8,2622,Gd,2,712,Gd,1463,1500,Ex,2,1994,1995,1994,325000
176,7,1394,Gd,2,400,Gd,384,754,Gd,2,2003,2003,2003,165500
177,7,1501,Gd,2,512,Gd,1501,1501,Gd,2,1987,1987,1987,244000
178,8,2020,Gd,2,466,Gd,1128,1142,Gd,2,1995,1995,1995,239500
179,6,1961,TA,2,560,Gd,804,804,Ex,2,2001,2002,2001,215000
180,5,990,TA,1,440,TA,990,990,TA,1,1994,1994,1995,143000
181,5,1001,Gd,1,216,Gd,837,1001,TA,1,1930,2007,1930,124900
182,6,1090,TA,1,240,TA,720,760,Fa,1,1940,2006,1940,120000
183,8,2630,Gd,3,696,Gd,1470,1470,Gd,2,1998,1998,1998,315000
184,6,1724,TA,2,480,TA,1680,1724,Gd,1,1967,1976,1967,197900
185,7,1241,Gd,2,569,Gd,1241,1241,Gd,1,2006,2007,2007,199900
186,6,1514,TA,2,394,TA,794,819,Gd,2,2000,2000,2000,190000
187,8,1874,Gd,2,588,Gd,1058,1058,Gd,2,2000,2001,2000,220000
188,7,1453,TA,2,445,Gd,1453,1453,Gd,1,1986,1986,1986,190000
189,7,1484,Gd,2,606,Gd,1473,1484,Gd,2,2004,2005,2004,213000
190,6,1981,TA,2,522,Gd,1117,1117,Gd,2,1978,1992,1978,230000
191,6,1889,TA,2,431,TA,982,1008,Gd,2,2000,2000,2000,215000
192,6,1806,TA,2,483,TA,780,993,TA,1,1964,1964,1964,144750
193,6,923,TA,1,264,TA,923,923,Gd,2,1980,1980,1980,143000
194,5,1268,TA,1,252,Gd,1268,1268,Gd,1,1977,1989,1978,143500
195,6,1208,Gd,2,546,TA,1208,1208,Gd,1,1977,1977,1977,165000
196,7,1611,Gd,2,572,Gd,784,784,Gd,2,2005,2005,2005,195800
197,7,1414,Gd,2,494,Gd,1414,1414,Gd,2,2004,2004,2004,185500
198,5,1167,TA,2,495,TA,915,1167,TA,1,1920,1950,1972,144000
199,6,1194,TA,2,539,TA,655,1194,TA,1,1959,1959,1954,159500
200,6,1504,Gd,2,440,Gd,752,752,Gd,2,2007,2007,2007,166000
201,5,1464,TA,2,480,TA,520,1464,Gd,2,1963,1999,1997,175000
202,10,2775,Ex,2,880,Gd,1237,1521,TA,3,1893,2000,1988,325000
203,5,909,TA,1,294,TA,882,909,TA,1,1968,1968,1968,116000
204,6,1378,TA,1,162,Gd,901,861,TA,1,1935,1998,1920,128900
205,5,894,TA,1,308,TA,894,894,TA,1,1976,1976,1976,128200
206,7,1146,Gd,2,438,Gd,868,1146,Ex,2,2003,2003,2003,187500
207,7,2514,TA,2,693,TA,1216,1298,Gd,2,1990,1991,1990,250000
208,7,1986,Gd,2,434,Gd,847,847,Gd,2,2003,2003,2003,213000
209,5,1126,TA,2,540,Ex,1126,1126,Gd,2,1977,1977,1977,175000
210,5,1306,TA,2,472,Gd,240,810,TA,1,1910,2003,1959,130000
211,6,1179,TA,2,622,TA,1179,1179,TA,1,1960,1960,1960,110000
212,7,1995,Gd,2,610,Gd,930,950,Gd,2,1995,1996,1995,237000
213,9,1980,Gd,3,770,Ex,1980,1980,Ex,2,2004,2005,2004,315000
214,7,1162,Gd,2,483,Gd,1162,1162,Gd,2,2007,2007,2007,170000
215,7,2519,Gd,2,628,Gd,1210,1238,Gd,2,1989,1990,1989,335000
216,5,1422,TA,2,576,TA,925,1422,TA,1,1970,1990,1988,155000
217,5,1352,TA,1,288,Gd,1062,1352,TA,1,1958,1958,1958,130000
218,8,1874,Gd,3,880,Gd,955,955,Gd,2,2007,2008,2007,297900
219,9,1842,Gd,3,894,Gd,1842,1842,Ex,0,1981,1987,1981,385000
220,7,1055,TA,2,440,TA,1057,1055,Gd,2,1975,1975,1975,123000
221,6,2640,TA,2,515,Gd,932,1271,TA,2,1967,1997,1967,256900
222,8,1660,Gd,2,500,Gd,1660,1660,Ex,2,2006,2006,2006,290000
223,6,1306,Gd,2,624,Gd,1306,1306,Gd,2,2005,2005,2005,196000
224,5,1078,TA,1,264,Ex,1054,1078,TA,1,1925,1950,1987,125000
225,6,1040,TA,1,293,TA,1040,1040,TA,1,1953,1953,1953,136000
226,7,1708,Gd,2,380,Gd,976,976,Gd,2,2004,2004,2004,130000
227,5,1040,TA,1,384,TA,1040,1040,TA,1,1965,1965,1965,129500
228,5,1776,TA,3,888,TA,1584,1776,TA,2,1958,1958,1968,110000
229,6,1776,TA,2,443,TA,821,821,Gd,2,1996,1996,1996,202000
230,7,1374,Gd,2,400,Gd,384,744,Gd,2,2004,2004,2004,175000
231,6,1034,TA,2,504,TA,450,1034,Gd,1,1978,1978,1978,153000
232,6,1211,TA,2,461,Gd,1211,1211,Gd,2,1976,1976,1976,161000
233,3,1162,Gd,1,258,TA,728,728,TA,1,1930,1950,1930,75000
234,6,1302,Gd,2,631,Gd,1302,1302,Gd,1,2005,2006,2005,200000
235,4,747,TA,1,220,TA,747,747,TA,1,1945,1950,1945,80000
236,6,2486,TA,2,576,TA,1595,1611,TA,2,1962,1962,1962,220000
237,8,1646,Gd,3,870,Gd,1638,1646,Gd,2,2006,2007,2007,248900
238,6,1426,TA,2,440,TA,690,698,TA,1,1977,1977,1977,159500
239,7,1506,Gd,2,672,Gd,1494,1506,Gd,2,2005,2006,2005,249000
240,5,1040,TA,1,308,TA,1040,1040,TA,1,1963,1963,1963,133000
241,4,672,TA,1,234,TA,672,672,TA,1,1941,1950,1941,113000
242,8,1786,Gd,3,715,Gd,1778,1786,Ex,2,2002,2003,2002,300000
243,8,1734,Gd,3,928,Ex,1734,1734,Ex,2,2007,2007,2007,318000
244,4,1131,TA,2,672,TA,907,1131,Fa,1,1937,2000,1995,89471
245,7,1374,Gd,2,400,Gd,384,744,Gd,2,2004,2004,2004,167000
246,8,1652,Ex,2,482,Gd,1600,1652,Ex,2,2008,2008,2008,392500
247,4,1844,TA,1,240,TA,709,1157,TA,1,1900,1954,1900,80400
248,6,1811,TA,2,470,Ex,1073,1811,TA,1,1956,2004,1956,230000
249,6,1829,TA,2,535,TA,1829,1829,TA,2,1967,1967,1967,218500
250,6,1190,TA,2,430,Gd,1181,1190,Gd,2,1993,1993,1993,166000
251,8,2340,Gd,3,787,Gd,1236,1236,Gd,2,1996,1996,1996,306000
252,4,875,TA,2,728,Gd,385,875,TA,1,1972,2006,1975,117000
253,5,988,TA,1,276,TA,876,988,TA,1,1950,1950,1950,119000
254,5,793,TA,1,240,Fa,793,793,TA,1,1945,1950,1945,113000
255,8,1564,Gd,2,502,Ex,1546,1564,Gd,2,2006,2007,2207,267300
256,5,1051,TA,1,264,TA,1051,1051,TA,1,1966,1966,1966,124400
257,7,1958,Gd,2,499,Gd,779,1029,Gd,2,1994,2001,1994,220000
258,5,1211,TA,2,576,TA,864,1211,TA,1,1962,2002,1972,144000
259,7,1802,TA,1,216,TA,793,901,Fa,1,1920,1950,1920,200100
260,8,1836,Gd,2,517,Gd,1836,1836,Gd,2,2008,2009,2009,264500
261,6,1314,Gd,2,440,Gd,1314,1314,Gd,2,2006,2006,2006,176432
262,5,1363,Gd,1,288,TA,1008,1363,TA,1,1951,2000,1951,164900
263,7,1548,Gd,2,388,Gd,1365,1548,Gd,2,2004,2004,2004,225000
264,8,2217,Gd,2,621,Gd,2217,2217,TA,2,1970,1970,1970,268000
265,8,1574,Gd,3,824,Gd,1574,1574,Gd,2,2006,2006,2006,232000
266,7,1218,Gd,2,676,Gd,1218,1218,Gd,2,2009,2010,2009,204500
267,7,2149,Gd,2,670,Gd,1434,1518,Ex,1,2003,2003,2003,239686
268,7,1983,Gd,2,490,Gd,978,1005,Gd,2,1999,1999,1999,225000
269,5,1824,TA,2,484,TA,1824,1824,TA,2,1957,1957,1958,146000
270,5,1037,TA,2,431,TA,1037,1037,Fa,1,1974,1974,1974,129000
271,7,1761,Gd,2,578,Gd,874,874,Gd,3,2007,2007,2007,227875
272,8,1652,Gd,2,499,Ex,1494,1652,Gd,2,2000,2000,2000,251000
273,7,1434,Gd,2,527,Gd,1454,1434,Gd,2,2001,2001,2001,189000
274,7,2036,TA,2,513,TA,2136,2036,Gd,2,1965,1965,1965,375000
275,4,1242,TA,1,336,TA,484,1242,TA,1,1946,1950,1946,109900
276,6,1224,Gd,2,528,Gd,612,612,Gd,2,2009,2009,2009,164500
277,8,1491,Gd,2,490,Gd,1491,1491,Ex,2,2001,2001,2001,209000
278,5,1064,TA,1,318,Fa,864,1064,TA,1,1952,1952,1952,135000
279,7,1654,Gd,3,900,Gd,1654,1654,Gd,2,2002,2002,2002,230000
280,4,1120,TA,2,544,Fa,1040,1120,TA,1,1961,1961,1961,129000
281,4,2290,TA,2,560,TA,777,1246,TA,2,1885,1950,1971,122500
282,7,2037,Gd,2,472,Gd,672,1302,Gd,2,1996,1996,1996,229000
283,7,2172,Gd,3,947,Gd,1063,1071,Ex,2,2006,2006,2006,280000
284,5,1072,TA,2,525,TA,547,1072,Gd,1,2005,2005,2005,145000
285,5,1075,TA,2,440,Gd,981,1075,Gd,1,1963,1963,1996,148000
286,9,2596,TA,3,840,Gd,1249,1249,Ex,3,2006,2006,2006,342643
287,8,1742,Gd,2,424,Gd,916,916,TA,1,1882,1986,1925,168000
288,6,1158,TA,2,576,Gd,1158,1158,Gd,1,2004,2004,2006,158000
289,6,1045,TA,1,264,TA,1045,1045,TA,1,1963,1963,1963,127000
290,8,1502,Gd,2,528,Gd,1488,1502,Gd,1,1985,1985,1985,212000
291,8,1544,Gd,3,868,Gd,1544,1544,Gd,2,2009,2010,2009,290941
292,5,914,TA,2,444,TA,914,914,TA,1,1979,1979,1979,134900
293,8,1566,Gd,1,288,Gd,930,930,TA,2,1900,2003,1930,150000
294,7,1768,TA,2,320,TA,880,880,Gd,1,1914,1970,1914,163000
295,7,1483,Gd,2,690,TA,1420,1483,Gd,1,1977,2001,1977,270000
296,5,1065,TA,2,461,TA,1065,1065,TA,1,1960,1960,1974,126500
297,5,816,TA,1,264,TA,816,816,TA,1,1983,1983,1983,128500
298,7,2840,Gd,4,1314,Gd,1420,1420,Gd,2,1978,1978,1978,292500
299,8,2046,Gd,3,834,Gd,2046,2046,Ex,2,2008,2008,2008,372500
300,6,1395,TA,2,497,TA,723,735,TA,1,1972,1972,1972,162000
301,8,2000,Gd,3,888,Gd,2000,2000,Gd,2,2004,2005,2004,305900
302,6,784,TA,2,360,TA,784,784,Fa,1,1928,1950,1950,76000
303,7,2039,Gd,3,791,TA,929,2039,TA,1,1941,1963,1941,167000
304,6,996,TA,2,564,Gd,936,996,Gd,1,1992,1992,1992,147000
305,4,1005,TA,2,440,TA,1005,1005,TA,1,1964,1964,1964,115400
306,4,992,TA,1,297,TA,530,530,Gd,1,1970,1970,1970,106500
307,7,2646,Gd,3,656,Gd,1347,1372,Gd,2,1993,1993,1993,260000
308,6,2411,TA,2,570,TA,1008,1403,TA,2,1970,1970,1970,240050
309,4,1382,TA,2,459,TA,1051,1382,TA,1,1963,1979,1974,148000
310,6,1671,TA,2,472,TA,959,959,Gd,2,2000,2000,2000,173000
311,7,1857,TA,2,482,TA,945,945,TA,2,1978,1978,1978,188900
312,6,1383,TA,1,292,TA,1383,1383,TA,1,1960,1960,1960,145250
313,7,1786,Gd,2,608,Gd,920,920,Gd,2,2001,2002,2001,223500
314,4,864,TA,1,528,TA,576,864,TA,1,1950,1950,1952,105000
315,2,480,TA,1,308,TA,480,480,TA,0,1949,1950,1958,35311
316,7,1428,Gd,2,554,Ex,1417,1428,Gd,2,2008,2008,2008,227680
317,5,1077,TA,1,338,TA,961,1077,Fa,1,1920,1950,1920,67000
318,7,2554,TA,2,704,TA,718,1576,TA,1,1890,1998,1996,159500
319,7,1929,Gd,2,650,Gd,1057,1057,Gd,2,2001,2001,2001,226000
320,5,990,TA,2,480,TA,990,990,Gd,1,1994,1995,2000,138000
321,5,1475,TA,1,336,TA,757,925,TA,2,1977,1977,1977,127000
322,7,1690,TA,1,225,TA,815,815,TA,1,1916,1950,1916,144000
323,6,1388,TA,1,317,TA,675,686,Gd,1,1977,1977,1977,157500
324,6,1253,TA,1,352,TA,1253,1253,TA,1,1960,1960,1960,157000
325,7,1456,Gd,2,410,Gd,728,728,Gd,2,2005,2005,2005,189000
326,6,1032,TA,1,280,TA,1032,1032,TA,1,1924,1950,1995,108000
327,5,1092,TA,1,320,TA,525,525,TA,1,1971,1971,1997,105500
328,5,2640,TA,3,1008,TA,2171,1392,TA,2,1925,1975,1977,180000
329,7,2090,Gd,2,577,Gd,1190,1190,Gd,2,1984,1984,1984,207500
330,6,1362,TA,2,504,TA,1362,1362,TA,1,1961,1961,1961,163000
331,5,1960,TA,2,400,TA,960,960,TA,2,1952,1952,1952,124500
332,6,1390,TA,2,550,Ex,1705,1390,Gd,1,1957,1957,1957,252000
333,5,936,TA,1,308,TA,936,936,TA,1,1956,2000,1956,129000
334,6,1224,TA,1,280,TA,816,816,TA,1,1948,2004,1950,132000
335,5,1426,TA,1,230,TA,966,1014,TA,1,1930,1992,1930,131750
336,6,1441,TA,2,440,TA,855,855,TA,2,1978,1978,1978,148500
337,6,1326,TA,2,388,Gd,1326,1326,Gd,2,2005,2005,2005,203000
338,7,1270,Gd,2,524,Gd,1270,1270,Gd,2,2005,2006,2005,175900
339,6,1294,TA,2,496,Gd,1278,1294,Gd,2,1991,1991,1991,179200
340,7,1724,TA,2,527,Gd,880,880,Gd,2,1998,1999,1998,188000
341,5,1358,TA,1,336,Gd,687,687,TA,1,1930,2005,2004,124500
342,7,1508,Gd,2,572,Gd,1508,1508,Gd,1,2009,2010,2009,308030
343,5,768,TA,1,396,TA,768,768,Gd,1,1972,2003,1974,133900
344,7,2696,Gd,3,792,Ex,1264,1282,Ex,2,2007,2007,2007,383970
345,6,1827,TA,1,240,TA,848,1017,TA,1,1924,1996,1943,202500
346,5,864,TA,2,576,TA,864,864,Gd,1,1971,1971,1977,123000
347,5,792,Gd,1,287,TA,624,792,Fa,1,1923,1950,1963,99500
348,7,1141,Gd,2,484,Gd,1141,1141,Gd,1,2006,2006,2006,152000
349,6,1264,TA,2,400,TA,676,676,Gd,1,1914,1995,1994,147500
350,5,1510,TA,2,517,Gd,1510,1510,TA,2,1967,1967,1967,178900
351,5,894,TA,2,450,TA,894,894,Gd,1,1968,1968,1968,129000
352,7,1456,Gd,2,400,Gd,728,728,Gd,2,2007,2007,2007,179540
353,8,1646,Gd,2,525,Gd,1594,1646,Ex,2,2004,2005,2004,300000
354,6,1003,TA,2,588,TA,1003,1003,TA,1,1984,1984,1984,142500
355,5,1008,TA,1,240,Gd,1008,1008,TA,1,1953,2006,1953,134500
356,5,1053,Gd,1,312,Gd,1053,1053,TA,1,1959,2006,1959,145500
357,5,1654,TA,1,336,TA,297,1001,TA,2,1930,1982,1955,137000
358,6,1877,TA,2,488,TA,1084,1084,TA,2,1974,1974,1974,178900
359,9,1944,Gd,3,708,Ex,1896,1944,Ex,2,2003,2004,2003,360000
360,7,1102,Gd,2,480,Gd,551,551,Gd,2,2004,2004,2004,148800
361,7,1055,TA,1,319,TA,1061,1055,Gd,2,1978,1978,1978,142500
362,9,1838,Ex,3,765,Ex,1838,1838,Ex,2,2006,2006,2006,315000
363,7,1426,Gd,1,216,Gd,912,912,TA,1,1918,1998,1925,189950
364,5,988,TA,1,360,TA,988,988,TA,1,1966,1966,1974,129250
365,8,2687,Gd,3,810,Gd,1455,1466,Gd,2,2000,2000,2000,327000
366,6,1561,TA,2,463,TA,1561,1561,TA,2,1960,1960,1960,193000
367,6,1525,TA,2,400,TA,813,813,TA,2,1997,1998,1997,183500
368,5,864,TA,1,352,TA,864,864,TA,1,1972,1972,1989,127000
369,6,1392,TA,1,299,TA,689,689,Gd,1,1977,1977,1977,161750
370,6,1436,TA,2,828,TA,884,884,TA,2,1940,1950,1940,155000
371,5,1150,TA,1,288,TA,1078,1150,TA,1,1955,1955,1955,144000
372,7,1696,TA,2,625,TA,1696,1696,Gd,2,1971,1971,1971,198000
373,5,882,TA,2,461,TA,882,882,TA,1,1972,1972,1980,112500
374,8,1646,Gd,3,800,Gd,1638,1646,Gd,2,2007,2008,2008,293077
375,5,1728,TA,2,576,TA,1728,1728,TA,2,1965,1965,1987,145000
376,6,1797,Gd,2,616,Gd,1152,1152,Gd,2,1993,1994,1993,231000
377,7,1884,Gd,2,581,Ex,926,1016,Gd,2,2003,2003,2003,240900
378,7,1611,Gd,3,1231,Gd,1569,1611,Gd,2,2002,2002,2002,250000
379,5,768,TA,2,624,TA,768,768,Gd,1,1970,1970,1987,129500
380,8,1659,Gd,2,499,Ex,1501,1659,Gd,2,2000,2000,2000,278000
381,8,2122,Gd,3,938,Gd,2108,2122,Gd,2,2007,2007,2007,345474
382,5,896,TA,1,730,TA,882,896,TA,1,1961,1961,1961,105000
383,6,1320,TA,2,472,Gd,636,636,Gd,2,1994,1994,1994,150000
384,6,1764,TA,2,470,Gd,928,928,Gd,2,1997,1997,1997,231500
385,7,1341,TA,2,506,Gd,1300,1341,Gd,1,1990,1990,1990,171500
386,4,1092,TA,1,286,TA,546,546,TA,1,1970,1970,1970,71000
387,8,1607,Gd,2,480,Gd,960,962,Gd,2,1999,2000,2000,200000
388,5,894,TA,1,336,TA,894,894,TA,1,1965,2009,1973,138500
389,5,1968,TA,2,530,TA,784,1168,TA,2,1969,1969,1969,172000
390,6,1152,TA,2,412,TA,912,1152,TA,1,1968,1968,1968,143450
391,8,2063,Gd,3,815,Gd,2024,2063,Gd,2,1994,1995,1994,315000
392,8,1780,Gd,2,612,Gd,920,920,Gd,2,2007,2007,2007,264966
393,4,1470,TA,1,548,TA,941,997,TA,2,1954,1972,1958,135000
394,5,1040,TA,2,576,Gd,1040,1040,Gd,1,1996,1996,2000,152000
395,8,2332,Gd,3,756,Ex,1148,1170,Ex,2,2004,2004,2004,316000
396,6,1091,TA,1,429,TA,384,1091,Gd,1,1993,1996,1993,131250
397,7,2069,TA,2,505,Gd,585,2069,Gd,2,1960,2007,1960,242000
398,8,1818,Gd,3,774,Ex,895,895,Ex,2,2007,2007,2007,281500
399,7,1368,TA,4,784,TA,1288,1368,Gd,2,1997,1997,1997,215000
400,7,1863,Gd,3,660,Gd,879,879,Gd,2,2006,2006,2006,219210
401,5,967,TA,1,180,TA,967,967,TA,1,1920,1990,1920,99900
402,5,1624,TA,1,240,TA,1444,1624,TA,1,1952,1952,1952,146500
403,5,988,TA,1,264,TA,988,988,TA,1,1958,1958,1958,119000
404,6,1969,TA,2,400,TA,1272,1272,TA,2,1938,1958,1938,141000
405,4,1484,Fa,1,264,TA,771,866,TA,2,1910,1950,1910,50000
406,7,1004,TA,1,200,Gd,502,502,TA,1,1930,1950,1930,105000
407,4,1510,Gd,2,720,Gd,677,833,Fa,2,1910,1950,1974,87500
408,4,1100,TA,1,312,TA,1100,1100,TA,1,1960,1960,1960,141000
409,4,1647,TA,1,280,TA,1105,1647,TA,1,1953,1953,1953,153000
410,5,804,TA,1,240,Gd,788,804,TA,1,1940,1992,1940,119000
411,6,1218,Gd,2,676,Gd,1218,1218,Gd,2,2009,2009,2009,208300
412,6,1844,Gd,2,540,Gd,1844,1844,TA,2,1969,1969,1969,223000
413,6,936,TA,2,460,TA,920,936,Ex,0,1996,1997,1996,140000
414,5,1302,TA,1,280,TA,630,630,TA,2,1971,1971,1991,112000
415,4,894,TA,2,396,TA,894,894,TA,1,1960,1960,1988,141500
416,8,1904,Gd,2,736,Ex,1058,1058,Gd,2,2005,2005,2003,275000
417,10,2332,Ex,3,846,Ex,1682,1742,Ex,2,2007,2008,2008,426000
418,5,1560,TA,1,313,TA,1150,1560,TA,1,1956,1956,1956,103500
419,9,2713,Ex,3,858,Ex,1452,1476,Ex,2,2008,2008,2008,446261
420,6,1400,TA,2,440,TA,672,672,TA,1,1978,1978,1978,149500
421,7,1492,Gd,2,440,Gd,738,738,Gd,2,2006,2006,2006,169985
422,6,1476,Gd,2,540,Gd,738,738,Gd,2,2005,2005,2005,173500
423,6,1456,TA,2,440,Gd,855,855,TA,2,1975,1975,1975,149900
424,8,1922,Gd,3,692,Gd,1922,1922,Gd,2,2002,2002,2002,282000
425,5,1304,TA,1,336,TA,264,616,Gd,1,1977,1977,1977,104500
426,7,1673,Gd,2,583,Gd,1673,1673,TA,2,2000,2000,2000,270000
427,6,1577,TA,1,312,Fa,972,972,TA,1,1939,1950,1939,140200
428,7,1775,Gd,2,425,Gd,740,1006,Gd,2,1993,1993,1993,213000
429,6,864,TA,1,288,Gd,864,864,TA,1,1959,1959,1959,120000
430,6,1429,TA,2,572,Gd,1144,1429,TA,1,1960,1987,1960,181900
431,6,1734,TA,2,440,Gd,912,1085,TA,1,1962,1981,1962,159000
432,5,985,Gd,1,328,TA,985,985,Gd,2,1977,1977,1977,149900
433,7,1553,Gd,2,615,Gd,756,756,Gd,2,2005,2006,2005,186500
434,5,1560,TA,2,484,TA,1560,1560,TA,2,1958,1958,1958,128600
435,5,1187,TA,2,440,TA,864,1187,TA,1,1961,1961,1961,140500
436,6,1386,TA,2,440,TA,672,672,TA,2,1978,1978,1978,158900
437,7,1660,Gd,2,493,Gd,831,831,Gd,2,2002,2002,2002,195000
438,6,1384,TA,2,390,TA,384,754,Gd,2,1997,1997,1997,161500
439,4,520,TA,1,240,Fa,520,520,TA,1,1927,1950,1920,68500
440,5,1337,TA,1,264,Gd,572,1337,TA,1,1950,2006,1950,141500
441,7,1361,Gd,2,610,Gd,1351,1361,Gd,2,2007,2007,2007,193000
442,6,1388,TA,2,522,TA,1388,1388,Gd,2,1968,1968,1968,158900
443,6,790,TA,1,160,TA,768,790,Gd,1,1930,1950,1925,91000
444,5,1588,TA,2,480,TA,768,1024,TA,1,1955,1967,1955,150000
445,4,630,TA,1,286,TA,630,630,Gd,1,1970,1970,1970,80000
446,6,1689,TA,2,480,TA,1436,1689,TA,1,1956,1956,1956,127500
447,4,864,TA,1,280,TA,864,864,TA,1,1970,1970,1972,116050
448,5,1097,TA,1,242,TA,1097,1097,Gd,1,1996,1996,1996,147900
449,5,1236,TA,1,447,Gd,1070,1236,TA,1,1957,1996,1957,134450
450,7,1686,Gd,2,462,Gd,891,891,Gd,2,2005,2005,2005,184000
451,9,2690,Gd,3,864,Ex,1365,1365,Ex,2,2009,2009,2009,398800
452,7,1894,Gd,2,510,Gd,817,824,Gd,2,2002,2003,2002,214900
453,5,1327,TA,2,624,Gd,1063,1327,TA,1,1959,2002,1974,150750
454,7,1710,Gd,2,548,Gd,856,856,Gd,2,2003,2003,2003,208500
455,7,1482,TA,2,324,TA,650,832,TA,1,1920,1988,1930,143000
456,6,1586,TA,2,435,TA,1362,1586,Gd,2,1979,1998,1979,181000
457,6,1392,TA,2,576,TA,1392,1392,Fa,1,1968,1968,1968,110000
458,5,1728,TA,2,576,TA,1728,1728,TA,2,1965,1965,1987,142600
459,6,2048,TA,2,776,TA,1958,2048,TA,3,1976,1976,1976,170000
460,6,1820,Gd,2,492,Gd,864,920,Gd,2,1993,1997,1993,191750
461,7,2075,Gd,2,473,Gd,1148,1091,Gd,2,1993,1993,1993,255000
462,7,1274,Gd,2,508,Gd,1274,1274,Gd,2,2005,2007,2005,203000
463,10,3627,Gd,3,807,Gd,1930,1831,Ex,3,1995,1996,1995,625000
464,6,1212,TA,2,460,Gd,1212,1212,Gd,2,2009,2009,2009,186000
465,6,2180,TA,2,720,TA,1138,1138,TA,1,1915,1950,2006,161000
466,5,694,TA,1,352,Gd,440,694,TA,1,1913,2002,1990,90350
467,6,1348,TA,2,453,TA,660,660,TA,1,1966,1966,1966,155000
468,5,1869,TA,2,456,TA,1088,1188,TA,1,1890,1996,1963,124900
469,5,789,TA,1,200,TA,768,789,TA,1,1926,1950,1926,96500
470,8,1378,Gd,2,540,Gd,1378,1378,Gd,2,2004,2004,2004,214000
471,7,1302,TA,1,224,Gd,680,798,TA,1,1940,1998,1940,165250
472,7,1240,Gd,3,826,Gd,1240,1240,Gd,2,2006,2006,2006,194000
473,5,1328,TA,1,308,TA,768,768,TA,1,1950,1970,1950,129500
474,7,1245,Gd,2,495,Gd,1235,1245,Gd,2,2004,2005,2004,178000
475,7,1626,Gd,2,474,Gd,764,764,Gd,2,2003,2004,2003,173000
476,5,1036,TA,1,312,TA,1036,1036,TA,1,1953,1953,1953,112900
477,7,3082,TA,2,672,TA,824,1687,TA,2,1920,1970,1970,197000
478,7,1344,TA,2,456,Gd,672,672,TA,1,1929,1990,1979,140000
479,7,1382,Gd,2,396,TA,384,751,Gd,2,1998,1998,1998,177500
480,4,864,TA,2,660,Gd,864,864,TA,1,1970,1970,1989,120500
481,5,1728,TA,1,352,TA,1728,1728,TA,2,1964,1964,2002,119000
482,6,1232,Gd,2,440,Gd,816,1232,TA,1,1916,2000,1916,147500
483,5,1382,TA,2,660,TA,720,854,TA,1,1941,1950,1991,128500
484,7,1500,Gd,2,570,Gd,1500,1500,Gd,2,2004,2004,2004,190000
485,6,1982,TA,2,501,TA,572,1182,TA,2,1986,1986,1986,208000
486,8,1468,Gd,3,904,Gd,1468,1468,Gd,2,2008,2008,2008,239900
487,6,1501,TA,2,420,Gd,697,697,Gd,2,1993,1994,1993,165600
488,5,1150,TA,1,215,TA,799,799,TA,1,1942,1950,1942,128000
489,7,1671,Gd,2,451,TA,1022,1122,TA,2,1929,1950,1963,218000
490,7,1494,Gd,2,514,Gd,1482,1494,Gd,2,1998,1998,1998,215000
491,7,1277,TA,2,526,TA,1277,1277,TA,1,1970,1970,1970,167000
492,6,1716,Gd,2,615,Gd,858,858,Gd,2,2005,2005,2005,200825
493,6,1416,TA,2,400,Gd,780,940,TA,1,1900,2004,1956,156500
494,7,1228,TA,1,215,TA,600,628,TA,1,1918,1990,1918,137000
495,7,1135,Gd,2,576,Gd,560,575,Gd,1,1936,2007,1971,155000
496,5,875,TA,1,180,TA,715,875,TA,1,1931,1993,1931,105000
497,7,1477,TA,1,216,TA,861,877,TA,2,1928,1950,1928,145000
498,6,1666,TA,1,384,TA,1204,1204,TA,1,1927,1950,1927,135000
499,5,1330,Fa,1,390,TA,396,665,Fa,1,1910,2004,2001,116500
500,7,1337,Gd,2,511,Gd,1405,1337,Gd,2,1999,1999,1999,184000
501,5,1322,TA,1,280,TA,672,899,TA,1,1939,1952,1939,132000
502,9,1752,Ex,2,576,Ex,1752,1752,Ex,2,2005,2005,2005,319900
503,5,1176,TA,1,292,TA,1176,1176,TA,1,1957,1957,1957,136500
504,5,2634,TA,4,968,TA,1248,1338,TA,2,1969,1969,1969,200000
505,5,1558,TA,2,440,TA,864,1558,TA,2,1975,2001,1975,163000
506,5,1073,TA,1,326,TA,1073,1073,TA,1,1921,1968,1968,108480
507,6,1422,TA,2,576,Gd,1422,1422,Gd,2,1981,1981,1981,175500
508,7,1409,Gd,2,576,Gd,1409,1409,Gd,1,2002,2002,2002,245000
509,6,1040,TA,2,320,TA,1040,1040,TA,1,1925,1992,1993,127500
510,7,2000,TA,3,650,TA,996,996,Gd,2,1993,1994,1993,188000
511,5,1020,Gd,2,528,TA,980,1020,TA,2,1964,2001,1970,165000
512,8,2042,Ex,3,1390,Ex,2042,2042,Ex,2,2008,2009,2009,253293
513,6,1207,TA,1,264,TA,1135,1207,TA,1,1962,1985,1962,147000
514,7,1749,Gd,2,515,Gd,842,856,Gd,2,1999,1999,1999,196000
515,5,1440,TA,2,480,TA,720,720,TA,1,1964,1964,1964,157500
516,7,1479,Gd,2,577,Gd,1468,1479,Gd,2,1999,2000,1999,191000
517,8,1341,Gd,2,482,Gd,1341,1341,Gd,1,1999,2000,1999,246900
518,5,1092,TA,1,288,TA,1092,1092,TA,1,1962,1962,1962,139000
519,9,2091,Ex,2,521,Ex,1606,1625,Ex,2,2005,2006,2005,338500
520,6,1773,TA,2,418,TA,1313,1773,TA,2,1961,1992,1961,183000
521,5,1017,TA,1,308,TA,346,709,TA,1,1900,2003,1961,114000
522,6,1548,TA,2,440,Gd,804,804,Gd,2,1976,1976,1976,155000
523,6,987,TA,1,264,Gd,483,483,TA,1,1972,2007,1972,118000
524,7,1480,Gd,2,620,Gd,1480,1480,Gd,2,2003,2009,2003,214000
525,6,1556,TA,2,441,TA,727,829,TA,1,1968,1968,1968,154000
526,5,990,TA,2,576,TA,990,990,Gd,1,1995,1995,1996,156000
527,7,1432,Gd,2,432,Gd,716,716,Gd,2,2004,2005,2004,188500
528,6,1494,TA,2,461,TA,1208,1494,TA,2,1974,2002,1974,169000
529,7,1948,Gd,2,434,Gd,847,847,Gd,2,2003,2003,2003,211000
530,7,2197,Gd,3,783,Gd,1080,1108,Gd,2,1993,1994,1993,287500
531,7,1223,Gd,2,480,Gd,600,520,Gd,2,2005,2005,2005,149900
532,7,1208,Gd,2,632,Gd,1187,1208,Gd,2,2006,2006,2006,206000
533,5,1050,TA,1,368,TA,1050,1050,TA,1,1961,1961,1961,136500
534,5,1060,TA,2,572,TA,1040,1060,Gd,1,1976,1976,1976,129900
535,5,1053,TA,2,750,Ex,1008,1053,TA,1,1958,1991,1998,150000
536,5,1566,TA,2,450,Gd,816,816,TA,1,1924,1950,1976,139000
537,8,1742,Gd,2,564,Gd,1742,1742,Gd,2,1985,1985,1985,275000
538,6,986,TA,1,180,TA,960,986,TA,1,1926,1950,1926,102000
539,5,864,TA,1,308,TA,864,864,TA,1,1959,1959,1960,118000
540,6,1456,TA,2,460,TA,855,855,Gd,2,1976,1976,1976,144000
541,7,1576,Gd,3,668,Gd,1393,1576,Gd,2,2004,2004,2004,219990
542,6,2654,TA,2,619,Gd,1054,1512,TA,2,1968,1984,1968,250000
543,5,1336,TA,2,502,TA,1288,1336,Gd,2,1969,1969,1969,163000
544,5,1252,TA,2,576,TA,504,936,Fa,1,1908,1991,1986,127000
545,6,1617,Gd,2,533,Gd,1604,1617,Gd,2,1993,1994,1993,193000
546,6,1512,Gd,2,440,Gd,756,756,Gd,2,2000,2000,2000,180000
547,5,1057,TA,2,576,TA,1057,1057,TA,1,1962,1962,1977,132000
548,5,1086,TA,2,490,TA,1086,1086,TA,1,1954,2003,1989,144900
549,8,1448,Gd,2,692,Gd,1372,1448,Gd,2,2006,2007,2006,238500
550,7,1248,Gd,2,438,Gd,1248,1248,Gd,2,2005,2006,2005,167240
551,5,1044,Fa,2,504,Fa,540,1044,TA,1,1952,1952,1952,55993
552,6,1324,Gd,2,430,Gd,1324,1324,Gd,2,2005,2005,2005,199500
553,6,1891,TA,2,678,TA,1224,1287,Gd,3,1978,1978,1978,212500
554,8,2290,Gd,2,779,Gd,1128,1149,Gd,2,2002,2002,2002,255900
555,7,1964,TA,2,483,TA,803,1098,TA,2,1976,1976,1976,205000
556,5,1174,TA,2,528,TA,864,1174,Gd,1,1978,1978,1978,158000
557,7,1220,Gd,2,632,Gd,1199,1220,Gd,2,2006,2006,2006,194000
558,7,2125,Gd,2,576,Gd,1064,1064,Ex,2,1996,1997,1996,279500
559,6,1906,TA,2,576,TA,1310,1906,TA,1,1954,1954,1954,224000
560,7,1923,Gd,2,564,Gd,750,1061,Gd,2,1992,1992,1992,190000
561,5,1298,TA,1,256,TA,720,854,TA,1,1941,1950,1940,122000
562,7,1717,Gd,2,400,Gd,1156,1187,Gd,2,1990,1991,1990,187500
563,7,1476,Gd,2,552,Gd,738,738,Gd,2,2007,2007,2007,179400
564,9,1577,Ex,2,564,Ex,1577,1577,Ex,2,2005,2005,2005,280000
565,6,1096,TA,2,484,TA,1008,1096,TA,1,1978,1978,1978,157500
566,6,1616,TA,1,216,Gd,1149,1149,TA,2,1926,2004,1926,152000
567,5,1784,TA,1,180,TA,747,892,Gd,1,1914,1950,1914,138887
568,6,1548,TA,2,440,TA,804,804,Gd,2,1978,1978,1978,147000
569,6,1988,Gd,2,480,Gd,1104,1104,TA,2,1966,1999,1966,227000
570,5,1393,TA,1,300,TA,816,872,TA,1,1955,1955,1955,135500
571,5,1048,TA,1,280,TA,993,1048,TA,1,1922,1950,1922,113000
572,5,1440,TA,1,480,Gd,1248,1440,TA,2,1959,1998,1959,185000
573,6,1635,TA,1,255,Gd,485,1001,TA,1,1910,2003,1950,117000
574,7,2090,TA,2,484,TA,1107,1107,Gd,2,1973,1973,1973,200000
575,6,1367,TA,1,560,TA,884,959,TA,1,1931,1950,1978,127500
576,7,1959,TA,3,766,TA,1907,1959,TA,3,1988,1989,1989,171000
577,6,1488,TA,2,552,TA,1488,1488,Gd,2,1968,1968,1968,215000
578,5,1143,Gd,1,288,TA,1008,1143,TA,1,1928,1983,1992,138000
579,5,1721,TA,2,440,TA,1461,1721,TA,2,1968,1993,1968,180000
580,6,1668,TA,1,271,TA,856,1112,TA,1,1950,2005,1950,140000
581,4,841,Fa,1,294,TA,721,841,TA,1,1950,1950,1950,82000
582,6,768,Gd,2,440,TA,768,768,TA,1,1930,1950,1930,93850
583,7,1682,TA,2,530,TA,1304,1682,TA,2,1970,1970,1970,174000
584,5,1196,TA,1,336,TA,1196,1196,Gd,1,1968,1968,1968,144000
585,6,952,TA,1,288,TA,952,952,TA,1,1968,1968,1968,128500
586,7,1865,Gd,3,839,Gd,992,992,Gd,2,2000,2000,2000,235000
587,8,2727,Gd,2,440,Gd,853,1549,Gd,2,1932,1994,1932,315000
588,7,1506,Gd,2,440,Gd,1362,1506,Gd,2,2005,2005,2005,213490
589,5,1060,TA,1,308,TA,756,916,TA,1,1925,1994,1969,136500
590,6,1409,TA,2,528,TA,861,861,TA,1,1938,1950,1968,126000
591,7,1812,Gd,2,478,Gd,835,871,Gd,2,2004,2004,2004,193000
592,5,1057,TA,1,288,Gd,1057,1057,TA,1,1955,1999,1955,137000
593,7,918,TA,1,360,TA,852,918,TA,1,1975,1975,1975,148000
594,7,1928,Gd,2,434,Gd,847,847,Gd,2,2003,2004,2003,219500
595,5,1230,TA,2,440,TA,440,682,TA,1,1910,1981,1966,110000
596,6,1604,TA,2,470,TA,926,926,Gd,2,1997,1998,1997,181000
597,6,1182,TA,1,378,TA,770,885,Fa,1,1945,1950,1945,120000
598,5,1740,Fa,1,225,Ex,936,960,TA,1,1920,1950,1920,122250
599,6,1072,TA,2,525,TA,547,1072,Gd,2,2005,2006,2005,140000
600,7,1596,Gd,2,610,Gd,784,784,Gd,2,2005,2005,2005,181000
601,5,1250,TA,1,280,Fa,686,686,TA,1,1918,1950,1955,116000
602,5,1211,TA,1,322,TA,952,1211,TA,1,1968,1968,1968,134000
603,8,1911,Gd,2,471,Gd,777,1065,Gd,2,1993,1994,1993,215000
604,5,1621,TA,2,478,TA,1621,1621,Gd,2,1975,1975,1975,213000
605,6,1683,TA,2,440,TA,918,918,TA,2,1978,1978,1978,172500
606,5,2071,TA,1,336,TA,825,2071,TA,1,1956,1956,1956,165000
607,6,1262,TA,2,460,TA,1262,1262,Gd,2,1976,1976,1976,181500
608,7,2094,Gd,2,615,Gd,912,912,Gd,2,2003,2004,2003,263000
609,7,1417,Gd,2,511,Gd,1417,1417,Gd,2,1997,1998,1997,210000
610,7,1614,Gd,3,865,Gd,1614,1614,Gd,2,2005,2006,2005,221500
611,5,1641,TA,2,490,TA,1001,1001,Gd,2,1972,1972,1972,140000
612,5,1551,TA,1,240,Fa,1058,1058,Fa,2,1938,1950,1938,137000
613,6,1252,Gd,2,528,Gd,1252,1252,TA,1,1959,1959,1960,142000
614,4,1350,TA,2,504,TA,967,1350,TA,1,1954,1954,1954,146000
615,5,928,TA,1,288,TA,928,928,TA,1,1957,1957,1957,112500
616,6,1369,TA,1,300,TA,672,697,TA,2,1925,1950,1930,103600
617,5,1568,TA,2,440,TA,1568,1568,TA,1,1967,1967,1967,143000
618,5,1343,TA,1,186,TA,731,820,TA,1,1921,1950,1921,154900
619,7,1768,Gd,2,603,Gd,866,866,Gd,2,2005,2005,2005,226700
620,8,1324,Gd,2,550,Gd,1324,1324,Gd,2,2006,2006,2006,221370
621,4,1680,TA,2,628,Gd,1680,1680,Gd,2,1995,1996,1996,170000
622,6,2380,TA,2,596,TA,1021,1465,Gd,2,1965,1979,1965,129000
623,5,1248,TA,1,286,TA,1248,1248,TA,1,1960,1960,1960,151500
624,6,1445,TA,2,645,TA,1127,1445,TA,1,1964,1964,1964,158000
625,7,1528,Gd,2,480,Gd,1528,1528,Gd,3,2007,2007,2007,235876
626,5,1216,TA,1,355,TA,565,565,TA,1,1920,1997,1920,115000
627,5,935,TA,1,308,TA,742,779,TA,1,1930,1960,1988,79500
628,5,825,TA,1,350,TA,825,825,TA,1,1954,1954,1954,109500
629,7,2110,Gd,2,522,Ex,2110,2110,TA,2,1968,1968,1968,244000
630,5,816,TA,1,264,TA,816,816,Gd,1,1983,1983,1983,139000
631,6,1074,TA,1,467,Gd,663,1074,TA,1,1950,1987,1987,144500
632,5,1576,TA,1,225,TA,1042,1042,TA,1,1928,1950,1928,149000
633,7,1604,Gd,2,660,Gd,1604,1604,Gd,2,2006,2006,2006,220000
634,5,1360,TA,2,572,TA,384,1360,TA,1,1955,1955,1962,130000
635,5,1040,TA,2,499,TA,1040,1040,Gd,1,1975,1975,1975,124000
636,5,1134,TA,1,240,TA,756,756,TA,1,1940,1950,1940,126000
637,6,2559,Gd,2,506,Ex,868,1313,Gd,2,1989,1989,1989,209000
638,5,1601,TA,1,300,TA,533,1021,TA,1,1958,1987,1958,140000
639,6,1032,TA,2,564,TA,1032,1032,Gd,2,1978,1978,1978,148000
640,5,1170,TA,1,338,TA,1170,1170,TA,1,1958,1958,1958,140000
641,5,1392,TA,2,528,TA,1392,1392,Gd,1,1957,1996,1957,121500
642,7,1433,Gd,2,528,Gd,1433,1433,Gd,1,1987,1987,1987,270000
643,6,926,TA,1,351,TA,902,926,TA,1,1977,1977,1977,156450
644,6,1054,TA,2,460,TA,1054,1054,Gd,1,1969,1969,1969,151000
645,6,1680,TA,1,308,TA,840,840,Gd,2,1915,1976,1960,177000
646,8,1861,Gd,3,851,Gd,1341,1341,Gd,3,2007,2007,2007,257000
647,7,1200,Gd,2,480,Gd,600,520,Gd,2,2005,2005,2005,144152
648,6,1284,TA,2,480,TA,1284,1284,Gd,2,1984,1984,1984,174000
649,6,1204,TA,2,412,TA,1204,1204,Ex,2,1998,1998,1998,162000
650,5,1560,TA,3,792,TA,1560,1560,TA,2,1968,1968,1968,126000
651,5,1268,TA,1,250,TA,832,832,TA,1,1938,1950,1938,160000
652,5,984,TA,1,384,TA,984,984,TA,1,1963,1963,1963,128000
653,6,1320,TA,2,484,TA,630,630,Gd,2,1993,1994,1993,137000
654,7,1218,Gd,2,462,Gd,1218,1218,Gd,2,2007,2008,2008,230348
655,5,1938,TA,1,240,Gd,942,1265,TA,2,1937,1995,1937,198000
656,7,1557,Gd,2,420,Gd,1374,1557,Gd,2,2003,2004,2003,234000
657,7,1504,Gd,2,457,Gd,1346,1504,Gd,2,2005,2006,2005,181000
658,8,1671,Ex,2,550,Ex,1426,1671,Gd,3,1976,2007,1976,290000
659,5,1200,TA,1,246,TA,1200,1200,TA,1,1950,1950,1950,129900
660,8,1312,Gd,2,471,Gd,1267,1312,Ex,2,2001,2001,2001,180500
661,8,2475,Gd,3,962,Gd,1629,1645,Ex,2,1998,1998,1998,355000
662,4,1482,TA,2,609,TA,954,1482,TA,2,1954,1968,1956,125000
663,6,2555,TA,2,672,TA,588,1423,Ex,2,1922,1994,1993,191000
664,9,2728,Ex,3,706,Ex,1848,1848,Ex,2,2005,2006,2006,437154
665,9,1743,Ex,3,927,Ex,1739,1743,Ex,2,2008,2008,2008,335000
666,6,2515,Gd,2,484,TA,2035,2515,TA,3,1957,1975,1975,200624
667,7,1555,Gd,3,660,Gd,1373,1555,Gd,2,2007,2007,2007,174000
668,7,1358,Gd,2,484,Gd,1350,1358,Gd,2,2007,2008,2008,212500
669,8,1768,Gd,2,578,Gd,866,866,Gd,2,2007,2007,2007,212000
670,8,1666,TA,1,228,Gd,588,833,TA,1,1925,1996,1925,161000
671,4,1092,TA,1,286,TA,546,546,TA,1,1973,1973,1973,83500
672,5,864,TA,2,720,Gd,864,864,TA,1,1950,2002,1980,129000
673,5,894,TA,1,308,TA,894,894,Gd,1,1977,1977,1979,120750
674,8,1987,Gd,2,691,Gd,1986,1987,Gd,2,1994,1994,1994,301500
675,7,1576,Gd,2,614,Gd,770,778,Gd,2,2006,2006,2006,197000
676,6,1224,Gd,2,528,Gd,612,612,Gd,2,2009,2009,2009,173733
677,6,1251,TA,1,240,Fa,827,827,Gd,1,1938,2000,1938,119000
678,7,2730,Gd,2,576,Gd,1502,1553,TA,2,1986,1987,1987,301000
679,6,1608,TA,1,216,Gd,976,1160,TA,2,1925,1990,1925,137450
680,6,1278,TA,1,240,TA,854,854,TA,1,1954,1954,1954,127500
681,6,1796,TA,2,483,TA,780,983,TA,1,1963,1963,1963,140000
682,8,1226,Gd,2,484,Gd,1226,1226,Gd,1,1978,1978,1978,170000
683,7,1636,TA,1,288,Gd,818,818,TA,1,1919,1950,1919,167000
684,10,3608,Gd,3,840,Ex,1107,1518,TA,2,1892,1993,1993,475000
685,5,1117,TA,1,264,TA,1117,1117,TA,1,1963,1963,1963,136870
686,5,1148,TA,1,672,TA,1148,1148,TA,1,1959,1959,1959,132500
687,9,2855,Gd,3,774,Ex,1540,1540,Ex,2,2000,2000,2000,405000
688,9,1856,Gd,3,834,Ex,1856,1856,Ex,1,2010,2010,2010,394432
689,7,1335,Gd,2,575,Gd,1335,1335,Gd,2,2006,2007,2007,210400
690,7,2385,Gd,3,600,Gd,1066,1108,Gd,2,1998,1998,1998,252000
691,8,1464,Gd,3,754,Gd,1485,1464,Gd,2,2007,2007,2007,282922
692,5,1536,TA,2,480,TA,928,928,TA,2,1930,1950,1930,138400
693,4,1196,TA,2,440,TA,1196,1196,TA,1,1916,1990,1957,109900
694,5,1308,TA,2,484,TA,720,720,TA,1,1969,1969,1969,146900
695,7,1760,Gd,2,583,Gd,1760,1760,Gd,2,2003,2004,2003,269500
696,8,1743,Gd,2,529,Gd,966,1743,Gd,0,1976,1976,1976,279000
697,6,1199,Gd,2,530,Gd,1199,1199,Gd,2,1993,1993,1993,153900
698,5,1178,TA,2,502,TA,1090,1178,Gd,1,1976,2003,1976,135000
699,7,1378,TA,2,360,Gd,689,689,TA,2,1928,2005,1928,161000
700,8,1500,Gd,2,674,Gd,1489,1500,Gd,2,2006,2006,2005,212999
701,7,1212,Gd,2,573,Gd,1212,1212,Gd,2,2001,2001,2001,178000
702,6,1595,TA,2,528,TA,663,774,TA,2,1915,1950,1974,155500
703,8,2541,Gd,3,729,Ex,1149,1164,Ex,3,2005,2005,2005,349265
704,4,948,TA,1,248,TA,864,948,TA,1,1954,1954,1954,111000
705,7,1680,Gd,2,583,Gd,1650,1680,Ex,2,1998,1999,1998,213250
706,8,2392,Gd,3,870,Gd,1396,1407,Gd,2,1997,1998,1997,348000
707,9,1612,Gd,2,556,Ex,1612,1612,Ex,2,2006,2006,2006,319900
708,5,960,Gd,2,576,TA,850,960,TA,1,1926,1980,1981,103000
709,7,1690,Gd,2,624,Gd,560,930,TA,2,1910,2008,2008,156500
710,3,864,TA,1,200,TA,864,864,TA,1,1914,1950,1938,58500
711,5,1920,TA,2,400,TA,928,928,TA,2,1948,1950,1948,137000
712,6,848,Gd,2,420,Gd,848,848,Gd,1,2004,2004,2004,141000
713,7,1452,Gd,2,506,Gd,691,713,Gd,2,1999,1999,1999,156000
714,5,1302,TA,2,440,TA,630,630,TA,2,1970,1970,1970,106000
715,4,1128,TA,2,528,TA,698,698,TA,1,1920,1950,1980,68400
716,8,1563,TA,3,758,Gd,1563,1563,Gd,2,2007,2007,2007,245000
717,7,1369,Gd,2,605,Gd,1369,1369,Gd,2,2007,2007,2007,213133
718,7,1458,TA,2,454,Gd,608,608,Gd,2,2006,2007,2007,168165
719,7,1344,TA,4,784,TA,1344,1344,Gd,2,1997,1998,1997,206300
720,6,1398,Gd,2,542,Gd,1398,1398,Gd,2,1990,1991,1990,172000
721,7,1502,Gd,2,644,Gd,1502,1502,Gd,2,2009,2009,2009,233170
722,9,2331,Gd,3,1003,Ex,1414,1414,Ex,2,2005,2005,2005,379000
723,5,1008,TA,2,678,Gd,923,1008,Gd,1,1977,1977,1977,153500
724,6,2087,TA,2,444,Gd,832,976,TA,2,1966,2007,1966,187500
725,5,1422,TA,1,288,TA,806,1081,TA,1,1951,1951,1951,137500
726,6,1298,TA,1,240,TA,651,759,TA,2,1921,2005,1994,146500
727,8,1852,Gd,3,660,Gd,1004,1004,Gd,2,1999,2000,1999,230000
728,7,836,TA,1,308,TA,836,836,Gd,1,1975,1975,1975,120000
729,5,864,TA,2,732,TA,864,864,TA,1,1961,1961,1982,141000
730,8,2169,Gd,2,647,Gd,1284,1284,Gd,2,2002,2002,2002,228500
731,6,1350,TA,2,478,TA,1064,1350,Gd,2,1974,1974,1974,165000
732,6,1576,TA,2,368,Gd,1208,1576,TA,1,1961,1961,1961,174500
733,9,2338,Ex,3,1110,Gd,2660,2338,Ex,2,2006,2007,2005,591587
734,5,894,TA,2,552,TA,894,894,TA,1,1972,1972,1975,149900
735,7,1368,Gd,2,474,Gd,1368,1368,Gd,2,2005,2006,2005,202500
736,7,2787,TA,4,820,TA,1168,1168,Ex,4,2000,2000,2000,269500
737,8,2028,Gd,3,880,Gd,1868,2028,Ex,2,2005,2006,2005,369900
738,6,1152,TA,1,300,Gd,1092,1152,TA,1,1950,2004,1950,158500
739,6,1440,Gd,2,467,Gd,1440,1440,Gd,2,1981,1981,1981,182900
740,6,1726,Gd,2,561,Gd,1726,1726,Gd,2,2008,2008,2008,222000
741,7,1055,TA,2,440,TA,1055,1055,Gd,2,1977,1977,1977,148500
742,6,1470,TA,2,420,TA,680,680,Gd,2,1995,1996,1995,165000
743,5,972,TA,1,305,TA,972,972,TA,1,1955,1955,1955,122500
744,7,1550,Gd,2,438,Gd,1092,1112,Gd,2,2006,2007,2007,241000
745,6,987,TA,1,264,TA,483,483,TA,1,1973,1973,1973,83000
746,8,2234,Gd,2,724,Gd,2220,2234,Ex,1,2006,2006,2006,441929
747,8,1239,Gd,2,477,Gd,1230,1239,Gd,1,1995,1995,1995,217500
748,8,2794,Gd,3,810,Ex,1462,1490,Gd,2,1995,1996,1995,403000
749,6,1647,TA,2,460,TA,953,953,Gd,2,1999,2000,1999,175000
750,6,848,Gd,2,420,Gd,848,848,Gd,1,2003,2003,2003,136500
751,6,1320,TA,2,495,TA,1232,1320,Gd,2,1971,1971,1971,172500
752,6,1042,TA,2,440,TA,1042,1042,TA,2,1965,1965,1965,161000
753,7,3005,Gd,3,704,Gd,1376,1376,Gd,2,2004,2005,2004,280750
754,6,919,TA,1,195,TA,894,919,TA,1,1926,1998,1926,126000
755,6,1977,TA,2,540,TA,816,1127,TA,1,1964,1978,1964,165000
756,9,1850,Gd,3,772,Gd,1833,1850,Ex,2,2004,2005,2004,326000
757,5,816,Fa,2,516,TA,816,816,Gd,1,1963,1963,1963,110000
758,6,1236,TA,1,384,TA,768,788,TA,2,1925,1950,1985,127000
759,5,1118,TA,2,410,TA,793,793,Gd,1,1939,1950,1939,119900
760,4,864,TA,2,400,TA,864,864,TA,1,1951,1951,1951,141000
761,5,1377,TA,1,351,TA,1377,1377,TA,1,1960,1960,1965,156500
762,7,854,TA,2,576,TA,832,854,TA,1,1929,2001,1991,132000
763,5,1306,TA,1,756,TA,992,1306,TA,1,1957,2000,1968,153000
764,6,1470,TA,2,624,TA,738,868,Fa,1,1922,1994,1970,140750
765,5,1154,TA,1,336,Ex,864,1154,TA,1,1953,2006,1962,142000
766,6,1602,Gd,2,529,Gd,1602,1602,Gd,2,1977,2000,1977,215000
767,6,1338,Gd,2,576,Gd,520,1338,Gd,1,1983,1983,1983,156500
768,5,864,Gd,1,336,TA,864,864,TA,1,1978,2005,1978,136500
769,6,848,Gd,2,420,Gd,848,848,Gd,1,2003,2003,2003,131500
770,9,1419,Gd,2,588,Ex,1419,1419,Ex,1,2001,2001,2001,290000
771,6,1944,TA,2,324,TA,972,972,TA,2,1910,1950,1920,103500
772,8,2520,Gd,3,796,Gd,1338,1352,Gd,2,1993,1993,1993,310000
773,5,1475,TA,1,336,TA,550,925,Gd,2,1976,1976,1976,129500
774,6,1930,TA,1,316,TA,720,1146,TA,2,1927,1950,1927,149000
775,7,2127,Gd,3,833,Gd,1104,912,Ex,2,1991,1991,1991,238000
776,7,1870,Gd,2,608,Gd,944,944,Gd,2,2001,2001,2001,211000
777,7,1626,Gd,2,534,Gd,1602,1626,Gd,2,1994,1994,1994,226500
778,6,1643,TA,2,438,TA,1182,1643,Gd,2,1966,1966,1966,195000
779,6,1461,TA,1,225,TA,686,686,TA,1,1926,1991,1926,135000
780,6,1474,TA,2,495,TA,1632,1474,TA,1,1952,1952,1952,115000
781,9,2668,Gd,3,726,Ex,1572,1572,Ex,2,2003,2004,2003,412500
782,7,1840,Gd,2,622,Gd,944,944,Gd,2,2001,2001,2001,230000
783,7,1370,TA,2,479,TA,1090,1370,Gd,2,1976,1976,1976,152000
784,6,1481,TA,2,343,TA,702,702,Gd,2,1994,1995,1994,174000
785,6,1556,TA,2,470,TA,782,1019,TA,2,1949,1950,1949,172500
786,6,2521,TA,2,576,TA,942,1291,Gd,2,1973,1973,1973,151400
787,6,1493,TA,2,508,Gd,1478,1493,Gd,2,1997,1998,1997,208900
788,7,1663,Gd,2,478,Gd,835,835,Gd,2,2003,2004,2003,192500
789,8,1648,Ex,2,525,Ex,1596,1648,Ex,2,2007,2008,2007,294464
790,10,1718,Ex,3,786,Ex,1700,1718,Ex,2,2006,2007,2008,337500
791,7,1190,Gd,2,578,Gd,1169,1190,Gd,2,2005,2005,2005,173500
792,6,1251,TA,1,461,TA,1251,1251,TA,1,1964,1964,1964,160000
793,6,1690,TA,2,442,TA,915,940,Gd,2,2000,2000,2000,187000
794,5,900,TA,1,280,TA,882,900,TA,1,1967,1967,1970,122000
795,5,1422,TA,1,352,TA,1290,1422,TA,1,1926,1950,1973,136500
796,6,848,Gd,2,420,Gd,848,848,Gd,1,2004,2004,2004,144500
797,6,1716,TA,2,672,Gd,810,1170,TA,2,1915,2004,1970,162500
798,6,856,TA,2,399,TA,856,856,TA,1,1939,1950,1939,126000
799,5,1308,TA,2,400,TA,880,880,TA,2,1915,1978,1950,120000
800,7,1594,Gd,2,434,Gd,846,846,Gd,2,2004,2004,2004,195500
801,6,1337,Gd,2,511,Gd,1405,1337,Gd,2,1998,1999,1998,181000
802,8,2090,Gd,2,556,Gd,1220,1220,Gd,2,1995,1996,1995,240000
803,6,1279,TA,2,473,TA,1196,1279,TA,2,1977,1977,1980,171500
804,7,1930,TA,2,481,Gd,780,1085,Gd,2,1979,1979,1979,192000
805,8,1537,Gd,3,788,Gd,1518,1537,Ex,2,2006,2007,2007,294000
806,8,1593,Gd,2,682,Ex,1593,1593,Ex,1,2001,2002,2001,286000
807,5,1505,TA,1,240,TA,883,988,TA,1,1940,1982,1940,145000
808,4,960,TA,1,432,TA,960,960,TA,1,1965,1965,1965,94750
809,5,1316,TA,2,484,TA,926,926,TA,1,1929,2001,1974,130000
810,6,1487,TA,1,220,TA,735,798,TA,1,1945,1950,1949,113000
811,5,912,Gd,1,300,Gd,912,912,TA,1,1963,1995,1963,129000
812,6,2279,TA,2,461,Gd,585,2279,TA,2,1958,1995,1958,257000
813,7,2640,Gd,4,864,Gd,1240,1320,TA,1,1880,2003,1950,265979
814,7,2080,Gd,1,282,Gd,1276,1276,Gd,1,1926,2004,1926,234000
815,5,1188,TA,1,312,TA,1188,1188,TA,1,1962,1962,1962,157900
816,4,1981,TA,2,576,Gd,1122,1328,TA,2,1928,1950,1981,135000
817,6,2872,TA,2,619,TA,1330,1542,Gd,2,1977,1995,1977,272000
818,5,1717,TA,1,410,TA,901,1125,Gd,1,1940,1950,1940,194000
819,7,2046,Gd,3,871,Gd,998,1006,Gd,2,2003,2004,2003,284000
820,7,1492,Gd,2,440,Gd,738,738,Gd,2,2006,2006,2006,185101
821,8,1728,Gd,2,520,Gd,1884,1728,Gd,2,2007,2007,2007,298751
822,5,1056,TA,1,308,TA,1056,1056,TA,1,1958,1992,1958,139000
823,6,1839,TA,2,442,TA,756,1051,TA,1,1966,1966,1966,155000
824,6,1368,TA,1,216,TA,684,684,TA,1,1910,1993,1930,114504
825,5,864,TA,1,294,TA,864,864,TA,1,1962,1962,1962,125500
826,5,1202,TA,1,304,TA,1202,1202,TA,1,1956,1956,1956,120000
827,6,1511,TA,2,413,TA,802,802,Gd,2,1997,1997,1997,185000
828,7,1200,Gd,2,480,Gd,600,600,Gd,2,2004,2005,2004,151000
829,6,1358,Gd,2,484,Gd,1358,1358,Gd,2,2005,2005,2005,213000
830,6,1570,TA,2,441,TA,1395,1570,TA,1,1958,1958,1958,166800
831,5,1392,Gd,3,650,Gd,1441,1392,Gd,2,2002,2002,2002,215000
832,7,1689,Gd,2,433,Gd,1689,1689,Gd,2,2006,2007,2007,231713
833,6,1302,TA,1,309,Gd,1302,1302,Gd,2,1964,1991,1964,158000
834,5,990,TA,2,672,TA,990,990,Gd,1,1994,1995,1996,145000
835,5,1301,TA,2,440,Fa,1145,1301,TA,1,1924,1950,1965,100000
836,4,988,TA,1,297,TA,462,526,Gd,1,1973,1973,1973,94900
837,6,1266,TA,1,283,TA,630,630,TA,1,1980,1980,1980,128000
838,6,1374,TA,1,286,TA,1130,1374,TA,1,1964,1964,1964,147000
839,6,1224,TA,1,210,TA,818,818,TA,1,1926,2004,1926,115000
840,6,1220,TA,2,944,TA,1625,1220,TA,2,1971,1971,1971,170000
841,4,1200,TA,1,294,TA,1200,1200,TA,1,1956,1956,1956,144000
842,7,1389,TA,1,240,TA,651,707,TA,1,1946,1992,1947,135000
843,7,1530,Gd,2,430,Gd,1530,1530,Ex,2,2005,2005,2005,260000
844,6,987,TA,1,288,TA,483,483,TA,1,1972,1972,1972,94500
845,6,1499,Gd,2,473,Gd,781,795,Gd,2,1995,1995,1995,187000
846,6,1200,Gd,2,480,Gd,600,600,Gd,2,2005,2005,2005,165000
847,8,1648,Ex,2,482,Ex,1596,1648,Ex,2,2007,2008,2007,230000
848,5,1148,TA,1,308,TA,980,1148,Ex,1,1952,1952,1952,123500
849,6,1495,TA,2,438,TA,1495,1495,Gd,2,1989,1989,1989,150000
850,5,923,TA,1,264,TA,876,923,TA,1,1984,1985,1984,119500
851,5,976,TA,1,215,TA,976,976,TA,1,1942,1950,1942,102000
852,5,899,TA,1,288,Gd,864,899,TA,1,1967,2004,1967,130000
853,5,1558,TA,1,288,TA,913,1048,TA,1,1945,1950,1962,140000
854,7,2061,Gd,2,647,Gd,1070,1094,Gd,2,1995,1996,1995,260000
855,9,1652,Gd,2,840,Ex,1652,1652,Ex,2,2006,2007,2006,325000
856,8,2052,Gd,3,642,Gd,1107,1040,Gd,2,2000,2001,2000,251000
857,10,4476,Gd,3,813,Ex,2396,2411,Ex,3,1996,1996,1996,745000
858,5,1039,TA,2,504,TA,1039,1039,TA,1,1965,1965,1965,131500
859,6,1603,TA,2,599,TA,784,819,TA,1,1923,1950,1980,138000
860,5,778,TA,1,924,TA,740,778,TA,1,1940,1955,1966,120500
861,5,1096,TA,1,299,TA,1096,1096,TA,1,1969,1969,1969,138800
862,7,2260,Gd,2,533,Gd,1306,1306,Ex,2,1996,1997,1996,328000
863,7,2448,TA,2,441,TA,1438,1900,TA,3,1962,1998,1962,277500
864,6,1660,TA,1,240,TA,715,849,TA,1,1934,1995,1939,188700
865,6,2814,Gd,2,614,Gd,1077,1093,Gd,2,1995,2002,1995,260000
866,8,2225,Gd,3,713,Gd,1390,1402,Gd,2,1992,1993,1992,285000
867,6,1610,TA,2,480,Gd,1610,1610,TA,2,1977,2001,1977,205000
868,6,984,TA,1,280,TA,936,984,TA,1,1954,1954,1954,112500
869,7,1494,Gd,2,530,Gd,1494,1494,Gd,2,2002,2002,2002,221000
870,6,1125,TA,1,352,TA,1041,1125,TA,1,1976,1976,1977,125000
871,7,1812,Gd,2,469,TA,952,952,Gd,2,2002,2002,2002,205000
872,10,2470,Ex,3,789,Ex,2535,2470,Ex,1,2003,2003,2003,615000
873,8,2285,Gd,3,648,Gd,969,997,Gd,2,2000,2000,2000,248000
874,5,1680,TA,2,450,TA,856,936,TA,2,1910,1950,1910,114900
875,6,2154,TA,2,539,TA,845,845,TA,2,1964,1997,1964,224500
876,5,835,TA,1,366,TA,458,835,TA,1,1920,1950,1920,83000
877,5,1134,TA,1,254,TA,1010,1134,TA,1,1960,2002,1960,135000
878,6,1298,Gd,2,403,Gd,1298,1298,Gd,2,1985,1985,1985,180000
879,6,1256,Gd,2,641,Gd,1145,1256,Gd,1,2008,2008,2008,195000
880,8,2263,Gd,2,905,Gd,1055,1055,Gd,2,2001,2002,2001,287000
881,7,1294,Gd,2,662,Gd,1286,1294,Gd,2,2006,2006,2006,193879
882,6,1845,Gd,2,462,Gd,1055,1055,Gd,2,1992,1992,1992,189000
883,6,1024,TA,1,313,Gd,1008,1024,TA,1,1956,1956,1956,157500
884,7,2035,Gd,2,434,Gd,884,884,Gd,2,2001,2001,2001,222500
885,7,1428,Gd,2,480,Gd,1428,1428,Gd,2,2007,2008,2007,182000
886,7,1173,TA,2,528,Gd,1053,1173,Gd,2,1974,1974,1974,170000
887,6,1456,TA,2,440,TA,855,855,Gd,2,1977,1977,1977,137900
888,5,1121,TA,2,480,TA,1121,1121,TA,1,1963,1963,1963,139000
889,6,2210,TA,1,205,Fa,1008,1178,TA,2,1880,1950,1930,117500
890,5,988,TA,2,624,TA,988,988,TA,1,1962,1962,1977,129500
891,5,1437,TA,2,576,TA,1188,1437,TA,1,1956,1987,1999,168000
892,6,1495,TA,2,576,TA,864,1064,TA,1,1948,1994,1994,135000
893,5,1302,TA,1,264,TA,630,630,TA,2,1972,1972,1972,119500
894,6,2112,TA,2,576,TA,952,1092,Fa,2,1969,1969,1969,206900
895,7,2295,Gd,2,590,Gd,1095,1166,Gd,2,1992,2000,1992,268000
896,8,1836,Gd,3,862,Gd,1836,1836,Ex,2,2004,2005,2004,280000
897,5,1836,TA,1,288,TA,686,1150,TA,2,1900,1950,1900,103000
898,10,2020,Ex,3,900,Ex,2006,2020,Ex,2,2009,2009,2009,402861
899,5,1144,Gd,1,286,TA,1169,1144,TA,1,1956,1956,1956,150000
900,6,2108,TA,2,540,Gd,1127,1236,TA,2,1935,1986,1935,235000
901,5,1086,TA,2,484,TA,1024,1086,TA,1,1966,1966,1966,159950
902,6,1489,TA,2,462,Gd,1489,1489,TA,2,1968,1968,1968,185750
903,8,1776,Gd,3,712,Gd,1732,1776,Ex,2,2006,2007,2006,283463
904,5,904,TA,3,912,Gd,864,904,Gd,1,1970,1970,1979,144000
905,7,1536,Gd,2,532,Gd,1536,1536,Gd,2,2002,2003,2002,214000
906,4,864,TA,2,528,TA,864,864,TA,1,1955,1955,1996,79275
907,4,960,TA,1,308,Fa,960,960,TA,1,1920,1950,1997,108500
908,7,2314,Gd,2,502,Gd,1150,1164,Ex,2,2003,2005,2003,229000
909,6,1846,TA,1,315,TA,1040,1168,TA,2,1949,1950,1949,143000
910,7,1700,Gd,1,450,Gd,430,880,Gd,2,1980,1981,1980,148400
911,8,1908,Gd,2,431,Gd,967,993,Gd,2,2002,2002,2002,202900
912,7,1598,Gd,2,433,Gd,848,848,Gd,2,2004,2005,2004,201490
913,6,1608,TA,2,470,TA,945,945,Gd,2,1997,1997,1997,189500
914,7,1569,Gd,3,660,Gd,1386,1569,Gd,2,2007,2007,2007,175900
915,7,1358,Gd,2,484,Gd,1350,1358,Gd,2,2007,2008,2008,217300
916,6,1336,TA,2,488,TA,1121,1336,TA,1,1958,1958,1958,162000
917,7,1962,Gd,3,868,Gd,1391,1391,Gd,2,2006,2006,2006,239799
918,8,2468,Gd,3,872,Gd,1136,1136,Ex,2,2004,2004,2004,354000
919,6,1092,TA,2,504,TA,1092,1092,Gd,1,1964,1964,1964,145000
920,5,1274,TA,2,576,TA,624,624,Gd,1,1991,1991,1993,136000
921,9,2020,Ex,3,896,Ex,2020,2020,Ex,2,2008,2008,2008,404000
922,6,1092,TA,1,264,TA,525,525,TA,1,1973,1973,1973,113500
923,5,1114,TA,2,576,Gd,1114,1114,Gd,2,2003,2004,2004,153000
924,6,1229,TA,2,462,TA,561,561,Gd,1,1980,1980,1980,121000
925,5,1268,Gd,1,288,TA,832,1036,TA,1,1949,1950,1949,133000
926,5,964,TA,2,432,TA,876,964,Gd,1,1921,2006,1921,163500
927,7,1073,TA,1,246,TA,1073,1073,Gd,2,2004,2004,2004,157000
928,8,2184,Gd,2,570,Gd,1068,1068,Gd,2,2003,2003,2003,254750
929,9,2206,Gd,3,670,Ex,1090,1117,Gd,2,2005,2006,2005,300000
930,7,1872,TA,2,604,TA,1845,1872,Gd,2,1988,1988,1988,241500
931,7,1540,Gd,2,495,Gd,754,754,Gd,2,1994,1994,1994,184000
932,5,1110,TA,2,602,Gd,1097,1110,Gd,1,1978,1978,1978,165500
933,4,1067,TA,2,436,Gd,1067,1067,Gd,2,1950,1995,1996,128000
934,5,1224,TA,2,528,TA,1086,1224,Gd,0,1979,1979,1979,153337
935,6,1640,Gd,2,924,Gd,1296,1640,TA,1,1954,2006,1993,224000
936,7,1405,Gd,2,478,Gd,1405,1405,Gd,2,2003,2003,2003,200000
937,3,1610,TA,1,480,Fa,972,1052,TA,2,1938,1990,1938,124000
938,6,1308,TA,2,497,Gd,635,646,Gd,2,1997,2006,1997,175000
939,8,1034,Gd,2,598,Gd,982,1034,Gd,1,1989,1989,1989,185000
940,7,2787,TA,4,820,TA,1168,1168,Ex,4,2000,2000,2000,269500
941,5,1750,TA,1,240,Ex,636,1089,Fa,1,1880,1991,1937,124000
942,8,3194,TA,2,380,TA,965,1940,Gd,2,1934,1998,1934,359100
943,9,2036,Ex,3,780,Ex,2190,2036,Ex,2,2008,2008,2008,410000
944,4,861,TA,2,539,TA,861,861,TA,1,1940,1950,1961,82500
945,5,1040,TA,2,748,TA,1040,1040,Gd,1,1977,1977,1977,134900
946,5,1224,TA,2,576,TA,1224,1224,TA,1,1960,1996,1960,131000
947,7,1720,Gd,2,400,Gd,840,840,Gd,2,2002,2003,2002,188000
948,4,1315,TA,2,436,TA,808,838,Fa,2,1958,1958,1958,99500
949,6,2792,Gd,2,520,TA,1510,1584,Gd,2,1920,1950,1920,256000
950,6,1427,TA,2,516,TA,1427,1427,TA,2,1969,1969,1969,183000
951,9,1736,Ex,3,834,Ex,1736,1736,Ex,2,2008,2008,2008,360000
952,6,1026,TA,2,528,TA,970,1026,Gd,1,1974,1974,1974,143000
953,5,1716,TA,1,281,TA,768,1148,TA,1,1949,2008,1949,131000
954,5,1281,TA,2,379,Gd,756,903,TA,1,1926,1950,1926,132500
955,7,1250,Gd,2,625,Gd,625,625,Gd,2,2006,2007,2006,171900
956,5,948,TA,1,300,TA,948,948,TA,1,1968,1968,1968,108000
957,5,1008,TA,1,384,Gd,1008,1008,TA,1,1968,1968,1968,139500
958,6,1324,TA,2,440,TA,1088,1324,TA,2,1965,1965,1965,160000
959,9,1720,Ex,3,846,Ex,1720,1720,Ex,2,2008,2008,2008,332000
960,5,1078,TA,1,240,Gd,1078,1078,TA,1,1950,1996,1950,142125
961,5,889,TA,2,484,TA,864,889,TA,1,1984,1984,1984,137500
962,6,2058,TA,2,396,TA,735,1134,Gd,1,1917,1950,1950,129500
963,10,2945,Ex,3,641,Gd,1410,1426,Ex,3,2006,2006,2006,438780
964,7,1430,Gd,2,605,Gd,1413,1430,Gd,2,2001,2002,2001,187100
965,8,2610,Gd,2,550,Ex,1184,1184,Gd,2,2007,2007,2007,303477
966,7,1626,Gd,2,474,Gd,764,764,Gd,2,2003,2004,2003,155000
967,5,1265,TA,2,502,Gd,1219,1265,TA,2,1965,1999,1965,179900
968,7,2212,Gd,3,773,Gd,1700,1700,Gd,2,2005,2006,2006,309000
969,5,894,TA,2,600,TA,894,894,TA,1,1972,1972,1985,123000
970,7,1200,Gd,2,555,Gd,1176,1200,Gd,2,2003,2003,2003,184900
971,6,848,Gd,2,420,Gd,848,848,Gd,1,2004,2004,2004,155900
972,7,2161,TA,2,506,Gd,832,1218,TA,2,1950,2000,1994,263400
973,7,1641,TA,2,546,Ex,728,832,TA,1,1925,1990,1925,178000
974,8,2551,Gd,3,925,Gd,1779,1779,Gd,2,1997,1998,1998,384500
975,5,1582,TA,1,250,TA,952,994,TA,2,1938,1950,1938,150000
976,7,1504,Gd,2,478,Gd,1504,1504,Gd,2,1996,1996,1996,203000
977,7,1886,Gd,2,431,Gd,930,956,Gd,2,1998,1999,1998,199900
978,7,1630,Gd,2,451,Gd,1630,1630,Gd,2,2000,2001,2000,213000
979,6,2237,TA,2,440,Gd,712,1375,Gd,2,1980,2006,1980,204000
980,5,1128,TA,2,525,TA,1120,1128,TA,2,1963,1963,1963,155000
981,8,1625,Gd,2,495,Gd,1573,1625,Gd,2,2006,2007,2006,375000
982,7,1720,Gd,2,440,Gd,840,840,Gd,2,2004,2004,2004,183500
983,6,1664,TA,2,420,TA,1004,1004,TA,2,1947,1950,1950,159000
984,6,1141,Gd,2,484,TA,1141,1141,Gd,1,2005,2005,2005,142500
985,7,1734,Gd,2,660,Gd,1734,1734,Gd,2,2005,2005,2005,260000
986,8,2499,Gd,2,527,TA,392,1487,TA,2,1976,1976,1976,180500
987,5,950,TA,2,400,TA,984,950,TA,1,1953,1953,1953,130000
988,7,1908,Gd,2,493,Gd,915,933,Gd,2,1994,1995,1994,210000
989,7,1804,TA,2,442,Gd,994,1028,TA,2,1999,1999,1999,189000
990,9,1905,Ex,3,788,Ex,1905,1905,Ex,2,2006,2006,2006,320000
991,5,1647,TA,2,621,Gd,1430,1647,Gd,2,1977,1977,1977,217500
992,4,630,TA,1,286,Gd,630,630,Gd,1,1970,2002,1970,86000
993,5,1125,TA,2,430,TA,1125,1125,Gd,1,2006,2007,2007,155000
994,4,1374,Fa,1,338,TA,840,840,TA,1,1920,1950,1967,105000
995,7,1080,Gd,2,496,Gd,530,530,Gd,2,2003,2003,2003,147110
996,6,987,TA,1,352,TA,483,483,TA,1,1972,1972,1975,100500
997,7,1920,TA,2,487,Gd,570,1222,TA,3,1968,1992,1968,170000
998,5,879,TA,1,180,TA,830,879,TA,1,1936,1950,1936,80000
999,5,1444,TA,2,400,TA,384,744,Gd,2,2006,2007,2007,174000
1000,5,764,TA,2,504,TA,680,764,Fa,1,1925,2004,1965,73000
1001,5,1015,TA,1,450,TA,768,1015,TA,1,1925,1950,1925,88000
1002,7,1425,TA,2,591,TA,1425,1425,Gd,2,1998,1998,1998,193000
1003,9,2276,Gd,3,1348,Ex,2271,2276,Gd,2,2008,2008,2008,475000
1004,6,1658,TA,2,431,TA,773,773,Gd,2,1995,1996,1995,188000
1005,6,1625,TA,2,576,Fa,1625,1625,Gd,2,1979,1979,1979,242500
1006,7,1342,Gd,2,393,Gd,698,698,Gd,2,2003,2003,2003,178000
1007,8,1959,Gd,3,1025,Gd,1088,1088,Gd,2,2006,2006,2006,270000
1008,9,1808,Ex,3,850,Ex,1774,1808,Ex,2,2008,2008,2008,324000
1009,7,1456,Gd,2,400,Gd,728,728,Gd,2,2007,2007,2007,177594
1010,7,1496,Gd,2,426,Gd,654,664,Gd,2,2006,2006,2006,179665
1011,5,1072,TA,5,1184,TA,1072,1072,TA,1,1925,1950,1982,126500
1012,9,1780,Ex,3,816,Ex,1780,1780,Ex,2,2004,2005,2004,378000
1013,6,1224,TA,2,402,TA,1224,1224,Ex,2,1999,1999,1999,165000
1014,7,1079,TA,1,249,TA,570,617,TA,1,1948,1950,1948,125600
1015,8,1795,Gd,2,534,Gd,1777,1795,Gd,2,2002,2002,2002,230000
1016,4,765,TA,1,200,Gd,765,765,TA,1,1925,1950,1926,87000
1017,6,987,TA,1,264,TA,483,483,TA,1,1973,1973,1973,103400
1018,5,1056,TA,1,300,TA,1056,1056,TA,1,1955,1955,1955,125000
1019,6,913,TA,1,240,TA,814,913,TA,1,1966,1966,1990,129000
1020,6,1113,TA,1,504,TA,1143,1113,TA,1,1976,1976,1987,148000
1021,5,1228,TA,1,271,Gd,1228,1228,TA,1,1966,2006,1966,149350
1022,4,1120,TA,2,480,Fa,744,792,TA,1,1948,1950,1956,64000
1023,7,1753,Gd,2,534,TA,853,853,Gd,2,1998,1999,1998,217000
1024,7,1324,TA,2,585,Gd,1228,1324,Gd,2,1976,1976,1976,174000
1025,7,1614,Gd,3,878,Gd,1614,1614,Gd,2,2005,2006,2005,245700
1026,8,1280,Gd,2,506,Gd,1280,1280,Gd,2,1992,1992,1992,191500
1027,5,1176,TA,1,360,TA,1176,1176,Gd,1,1969,1969,1969,119900
1028,6,1664,TA,2,616,TA,1664,1664,TA,2,1978,1978,1978,145000
1029,7,2032,Gd,3,786,Gd,1840,2032,Ex,3,1996,1997,1996,300000
1030,8,2482,Gd,3,642,Gd,1094,1133,Gd,2,2005,2006,2005,281213
1031,5,1164,TA,1,240,TA,1164,1164,TA,1,1950,1950,1950,125000
1032,8,2376,Gd,3,853,Gd,1158,1158,Ex,3,2005,2006,2005,325300
1033,5,1056,TA,2,572,TA,1056,1056,TA,1,1955,1955,1955,145000
1034,6,1636,TA,2,386,TA,916,916,Gd,2,1996,1996,1996,173000
1035,9,2490,Ex,3,795,Ex,2458,2490,Ex,2,2005,2006,2005,468000
1036,8,1964,Gd,2,760,Gd,1100,1116,Gd,2,2005,2006,2005,252000
1037,5,1144,TA,2,456,TA,1144,1144,TA,1,1961,1961,1961,139950
1038,7,2057,Gd,1,180,Gd,1017,1020,Gd,1,1936,1987,1936,250000
1039,7,1662,Gd,3,711,Ex,1652,1662,Gd,2,2006,2007,2006,291000
1040,8,1278,Gd,2,584,Gd,1278,1278,Gd,2,2006,2006,2006,198600
1041,5,1040,TA,1,286,TA,1040,1040,TA,1,1959,1959,1959,133700
1042,6,1571,Gd,2,380,TA,799,799,Gd,2,1993,1994,1993,178000
1043,4,1573,TA,1,240,Gd,884,989,TA,1,1935,1995,1935,133000
1044,7,1594,TA,2,472,Gd,1594,1594,Gd,2,1993,1993,1993,188500
1045,5,1022,TA,1,184,Fa,1022,1022,Fa,1,1922,1950,1922,89500
1046,6,1470,TA,2,388,TA,794,794,Gd,2,1997,1997,1997,177000
1047,5,1453,TA,1,240,Gd,835,955,TA,1,1942,1950,1942,132000
1048,8,2417,Gd,2,462,Gd,1288,1301,Gd,2,1991,1992,1991,260000
1049,5,1347,TA,2,551,Gd,1347,1347,TA,1,1957,1957,1957,143000
1050,5,1584,TA,3,792,TA,1584,1584,TA,2,1967,1967,1967,124000
1051,7,1573,Gd,2,544,Gd,1573,1573,Gd,2,2002,2002,2002,227000
1052,5,1078,TA,2,500,TA,1078,1078,TA,1,1971,2008,1971,149900
1053,5,980,TA,2,400,TA,980,980,TA,1,1962,1962,1969,110000
1054,5,864,TA,2,572,TA,864,864,TA,1,1955,1990,1957,115000
1055,5,1008,TA,1,280,TA,1008,1008,TA,1,1952,2003,1952,139500
1056,9,1868,Ex,3,1085,Ex,1868,1868,Ex,2,2005,2005,2005,415000
1057,7,2287,Gd,2,667,TA,1304,1304,TA,2,1953,1953,1953,225000
1058,7,1479,Gd,2,558,Gd,1453,1479,Gd,2,2003,2003,2003,226000
1059,4,1181,TA,2,588,TA,1138,1181,Gd,2,1972,1972,1974,137500
1060,5,2002,TA,3,871,TA,1001,1001,TA,2,1949,1950,1949,145000
1061,5,894,TA,1,312,TA,894,894,TA,1,1960,1960,1965,117600
1062,6,1215,TA,2,720,Gd,720,720,TA,1,1940,1950,1965,141000
1063,6,1490,Gd,2,392,Gd,745,745,Gd,2,2005,2006,2005,167800
1064,7,1430,TA,2,400,TA,384,774,Gd,2,2000,2000,2000,170000
1065,5,1632,Gd,2,898,TA,784,784,TA,1,1969,1969,1969,173000
1066,8,2253,Gd,2,575,Ex,1209,1209,Ex,2,2005,2006,2005,344133
1067,5,925,TA,1,252,Gd,925,925,TA,1,1956,2003,1956,127000
1068,8,2400,Gd,3,730,Gd,1082,1105,Gd,3,2003,2004,2003,290000
1069,7,1392,Gd,2,540,Gd,689,703,Gd,2,2007,2007,2007,146000
1070,5,1433,TA,2,441,TA,1251,1433,TA,1,1961,1990,1961,161000
1071,5,1159,TA,1,288,TA,747,747,TA,1,1925,1950,1932,114000
1072,5,1128,TA,1,286,TA,936,1128,TA,1,1954,1954,1954,118000
1073,5,1144,TA,1,264,TA,864,1144,TA,1,1961,1983,1961,131400
1074,5,1216,TA,1,336,TA,832,832,TA,1,1947,1950,1947,118500
1075,5,2654,TA,2,638,TA,671,1567,Gd,3,1920,1996,1946,158000
1076,6,1709,TA,2,416,Gd,836,851,Gd,2,1991,1991,1991,185000
1077,5,1728,TA,2,576,TA,1048,1728,TA,2,1956,1956,1956,177625
1078,5,1375,TA,1,323,TA,1240,1375,TA,1,1956,1998,1956,187000
1079,6,1210,TA,2,528,TA,1128,1210,TA,2,1975,1975,1975,148000
1080,5,1077,TA,1,205,TA,991,1077,TA,1,1939,1950,1939,118000
1081,7,1411,TA,2,544,TA,1386,1411,TA,2,1977,1977,1977,82500
1082,4,1531,TA,1,209,TA,756,1169,TA,1,1947,1979,1947,127000
1083,9,1686,Gd,3,899,Ex,1686,1686,Ex,2,2006,2006,2006,332200
1084,5,1022,TA,1,280,TA,1022,1022,TA,1,1910,2006,1956,85000
1085,7,1061,Gd,2,462,Gd,1054,1061,Gd,1,1990,1991,1990,162000
1086,6,1700,Gd,2,544,Gd,1682,1700,Gd,2,2003,2003,2003,200000
1087,6,1512,Gd,2,440,Gd,756,756,Gd,2,2000,2000,2000,177000
1088,7,2978,Gd,2,564,Gd,710,1898,Gd,2,1967,2007,1961,242000
1089,5,1112,TA,1,336,TA,536,536,Gd,1,1976,1976,1976,85000
1090,8,1414,Gd,2,403,Gd,707,707,Ex,2,2004,2004,2004,178000
1091,8,1456,Gd,2,400,Gd,1273,1456,Gd,2,2003,2003,2003,215000
1092,6,1465,TA,2,393,TA,789,789,Gd,2,1998,1998,1998,180400
1093,7,1740,TA,1,240,TA,800,960,TA,1,1940,1984,1940,219500
1094,6,1097,TA,2,480,TA,1040,1097,Gd,2,1984,1985,1986,152000
1095,6,1357,TA,1,312,Ex,1019,1357,TA,1,1959,2006,1959,177000
1096,6,1728,TA,2,574,TA,1728,1728,TA,2,1976,1976,1976,150900
1097,5,922,TA,1,308,TA,922,922,TA,1,1957,1957,1957,116000
1098,6,1258,TA,1,280,TA,560,698,TA,1,1939,1950,1939,105000
1099,8,2898,Gd,2,665,Gd,1565,2898,Gd,2,1976,1976,1976,287000
1100,7,1949,Gd,2,574,Gd,1050,1062,Gd,2,1993,1994,1993,236000
1101,7,1446,TA,2,406,TA,729,729,Gd,2,1996,1997,1996,175000
1102,8,2687,Gd,2,618,Gd,2062,2079,Gd,2,1994,1994,1994,270000
1103,6,1801,TA,2,365,TA,697,1104,TA,1,1930,1959,1930,210000
1104,9,1869,Ex,2,617,Ex,1869,1869,Ex,2,2007,2007,2007,318061
1105,4,952,TA,1,283,TA,952,952,TA,1,1956,1956,1956,135750
1106,6,1575,TA,2,400,Gd,216,1575,TA,1,1951,1951,1951,155000
1107,7,1992,Gd,2,608,Gd,860,1212,Gd,2,1996,2002,1996,211000
1108,7,2084,Gd,2,618,Gd,956,956,Gd,2,2004,2004,2004,233000
1109,9,2153,Gd,3,736,Ex,1440,1476,Ex,2,2000,2000,2000,313000
1110,6,1839,TA,2,416,Gd,1477,1839,TA,2,1957,2004,1957,257500
1111,6,1062,TA,1,297,TA,1062,1062,TA,1,1954,1954,1954,131000
1112,5,1466,TA,2,566,Gd,796,1096,Fa,2,1936,1989,1950,170000
1113,9,1531,Gd,3,700,Ex,1504,1531,Ex,2,2006,2006,2006,300000
1114,8,2006,Gd,3,938,Gd,1982,2006,Gd,2,1998,1998,1998,350000
1115,10,2296,Ex,3,842,Ex,1722,1728,Ex,2,2008,2008,2008,451950
1116,6,848,Gd,2,420,Gd,848,848,Gd,1,2004,2004,2004,149000
1117,5,1360,TA,1,297,Gd,803,803,TA,1,1938,1995,1951,125500
1118,7,1490,Gd,2,388,Gd,788,788,Gd,2,2004,2005,2004,184000
1119,5,1282,TA,1,240,TA,672,778,TA,1,1942,1979,1942,108500
1120,6,1848,TA,2,370,Gd,833,1053,TA,1,1923,2000,1922,207000
1121,5,1152,TA,2,484,TA,1152,1152,TA,1,1964,1964,1964,180500
1122,6,1133,TA,2,900,TA,795,765,TA,1,1950,1950,1989,128500
1123,4,951,TA,1,327,TA,951,951,TA,1,1936,1950,1936,106500
1124,5,825,TA,2,720,TA,825,825,TA,1,1955,1995,1963,125000
1125,8,1601,Gd,2,670,Gd,1581,1601,Gd,2,2001,2002,2001,272000
1126,8,1226,Gd,2,484,Gd,1226,1226,Gd,1,1981,1981,1981,211500
1127,3,1163,TA,1,220,TA,1162,1163,TA,1,1955,2005,1955,126175
1128,5,936,TA,2,672,TA,936,936,Gd,1,1980,1980,1980,140000
1129,5,1050,TA,1,336,TA,1043,1050,Gd,1,1971,1971,1971,143000
1130,8,1578,Gd,3,840,Ex,1573,1578,Gd,2,2008,2009,2008,287090
1131,8,2574,Gd,3,868,Ex,1482,1482,Ex,2,2007,2007,2007,276000
1132,7,1653,Gd,2,628,Gd,812,812,Gd,2,2003,2003,2003,209000
1133,4,2230,Gd,1,440,TA,795,954,TA,1,1912,1950,1997,118500
1134,5,1034,TA,1,240,TA,735,735,TA,1,1940,1950,1940,109000
1135,5,1432,TA,2,588,Gd,1360,1432,Gd,1,1978,1978,1978,194000
1136,5,1126,TA,2,484,TA,1126,1126,TA,2,1977,1977,1977,160000
1137,7,2022,TA,2,505,TA,1160,1156,Gd,2,1977,1977,1977,192000
1138,6,1217,Gd,2,484,Gd,1217,1217,Gd,2,1991,1991,1991,151000
1139,8,2726,Gd,3,725,Gd,1342,1358,Gd,2,1995,1995,1995,350000
1140,6,1258,Gd,2,528,Gd,1258,1258,TA,2,1971,2004,1971,145000
1141,7,1145,Gd,2,437,Gd,1145,1145,Gd,2,2006,2006,2006,160000
1142,5,964,TA,2,784,TA,964,964,TA,1,1961,1961,1985,137500
1143,5,1264,TA,2,461,TA,1268,1264,TA,1,1960,1960,1960,167500
1144,5,1779,TA,2,454,TA,1763,1779,TA,1,1955,1974,1955,170000
1145,2,540,TA,1,200,TA,480,540,TA,1,1941,1950,1951,82000
1146,5,672,TA,1,240,TA,672,672,TA,1,1940,1997,1940,108000
1147,6,2117,TA,2,550,TA,1205,2117,TA,2,1970,1970,1970,237500
1148,8,1419,Gd,2,527,Gd,408,779,Gd,2,2002,2002,2002,184100
1149,5,1904,TA,1,240,TA,1208,1136,TA,1,1950,1982,1950,138000
1150,7,2207,TA,2,576,TA,1947,2207,Gd,2,1970,1989,1970,180000
1151,7,1850,Gd,2,467,Gd,973,979,Gd,2,1994,1994,1994,248000
1152,6,1103,TA,2,440,Gd,1103,1103,TA,1,1925,1980,1976,110500
1153,7,1932,Gd,2,610,Gd,979,992,Gd,2,2003,2003,2003,213000
1154,4,1760,TA,2,648,TA,1077,981,Fa,1,1910,1950,1935,80000
1155,9,1638,Gd,2,495,Ex,1614,1638,Gd,2,2000,2000,2000,300000
1156,5,1376,TA,1,240,TA,768,968,TA,1,1941,1950,1941,105000
1157,6,1771,TA,2,600,Gd,864,872,Gd,2,1997,1997,1997,215700
1158,5,1558,TA,2,400,TA,690,868,TA,1,1939,1950,1939,150000
1159,6,1229,TA,2,462,TA,561,561,Gd,1,1980,1980,1980,124000
1160,8,1226,Gd,2,484,Gd,1226,1226,Gd,1,1978,1978,1978,206000
1161,5,1112,TA,1,390,TA,1112,1112,TA,1,1954,1954,1954,144800
1162,6,2422,TA,2,527,Gd,1288,2422,Gd,3,1954,1994,1954,255000
1163,7,1546,Gd,3,796,Gd,1546,1546,Gd,2,2005,2006,2005,217000
1164,5,1436,TA,4,1488,TA,892,1254,TA,1,1922,1950,1968,139000
1165,6,1392,TA,2,458,TA,1392,1392,TA,1,1957,1957,1957,166000
1166,5,2315,TA,1,342,TA,1168,1278,Gd,2,1950,1963,1950,257000
1167,7,2156,TA,2,508,TA,1568,2156,TA,2,1968,2003,1968,262500
1168,7,1290,Gd,2,662,Gd,1282,1290,Gd,2,2007,2007,2007,200000
1169,7,2520,Gd,3,721,Gd,1203,1214,Gd,2,1995,1995,1995,290000
1170,6,1081,TA,1,401,TA,1081,1081,TA,1,1960,1993,1960,148000
1171,7,2021,Gd,2,422,Gd,868,887,Ex,2,2006,2006,2006,274725
1172,4,1258,TA,2,400,TA,1198,1258,Gd,0,1969,1969,1969,108959
1173,5,894,TA,2,450,Gd,894,894,TA,1,1967,2003,1967,130000
1174,4,1622,TA,4,1356,TA,1249,1622,TA,1,1961,1975,1975,168000
1175,6,1672,TA,1,240,Gd,981,1014,TA,1,1940,1989,1940,164900
1176,4,1092,TA,1,286,TA,546,546,TA,1,1970,1970,1970,88000
1177,5,1320,TA,2,564,TA,1164,1320,TA,1,1966,1966,1966,164500
1178,5,1040,TA,1,286,Gd,1040,1040,TA,1,1959,2003,1959,152000
1179,6,1165,TA,2,490,TA,1127,1165,TA,1,1966,1966,1966,174900
1180,5,999,TA,1,300,TA,925,999,TA,1,1962,1962,1962,134500
1181,7,2068,TA,1,315,Gd,1108,1160,Gd,1,1922,2005,1928,209500
1182,7,2167,Gd,2,518,Gd,1192,1516,TA,2,1974,2003,1974,294000
1183,8,1848,Gd,2,592,Gd,975,975,Gd,2,2000,2000,2000,254000
1184,5,864,TA,2,624,TA,864,864,TA,1,1958,1958,1964,129900
1185,5,1868,TA,2,484,Gd,780,1088,TA,2,1976,1976,1976,197500
1186,5,1797,TA,3,963,TA,1617,1797,TA,1,1957,1957,1957,169000
1187,6,2294,TA,2,658,TA,741,1497,TA,3,1963,1963,1963,202500
1188,4,1047,TA,1,273,TA,641,1047,Fa,1,1885,1995,1954,100000
1189,8,2161,Gd,3,789,Ex,1582,1610,Ex,1,2007,2007,2007,325624
1190,6,1993,TA,2,495,TA,825,1097,TA,2,1971,1971,1971,190000
1191,6,1095,TA,1,264,TA,588,1095,TA,1,1958,1958,1958,140000
1192,7,2362,Gd,2,546,Gd,2002,2362,Gd,2,1980,1980,1980,255000
1193,5,884,TA,1,270,TA,884,884,TA,1,1951,1991,1951,142000
1194,7,1418,TA,2,558,Gd,1418,1418,Gd,2,1997,1998,1997,226001
1195,6,1236,TA,2,923,TA,912,1236,TA,1,1957,1996,1957,149700
1196,4,1154,TA,1,240,Gd,796,796,TA,1,1922,2007,1922,125500
1197,6,1755,TA,2,530,TA,840,840,Gd,2,1999,1999,1999,214000
1198,5,1049,Gd,1,266,Gd,1049,1049,Gd,2,1984,1984,1984,139500
1199,4,1092,TA,1,286,TA,546,546,TA,1,1972,1972,1972,85500
1200,5,1027,TA,1,299,TA,1027,1027,TA,1,1962,1962,1962,125900
1201,5,1052,TA,1,288,TA,1052,1052,TA,1,1968,1968,1968,138500
1202,7,1364,Gd,2,484,Gd,1364,1364,Gd,2,2005,2005,2005,185850
1203,7,1986,TA,2,486,TA,768,1186,TA,2,1965,1990,1965,205000
1204,7,1852,TA,2,644,Gd,900,932,Gd,2,2009,2009,2009,252678
1205,2,832,TA,2,780,TA,678,832,Fa,1,1923,1970,1928,12789
1206,6,1567,TA,2,714,Gd,1567,1567,TA,2,1977,1977,1977,196000
1207,8,1992,Gd,2,648,Gd,1053,1053,Ex,2,2003,2004,2003,250000
1208,5,1060,TA,1,270,Gd,1060,1060,TA,1,1968,2001,1968,154000
1209,7,1659,Gd,2,484,Gd,831,831,Gd,2,2004,2004,2004,181000
1210,6,1480,Fa,1,207,TA,972,1044,TA,1,1920,1950,1920,119000
1211,5,969,TA,2,440,TA,969,969,TA,1,1975,1975,1975,122000
1212,8,2550,Gd,3,670,Ex,1108,1148,Ex,2,2006,2007,2006,338931
1213,3,1214,TA,3,936,TA,672,694,TA,1,1915,1950,1998,105000
1214,5,960,TA,1,330,TA,960,960,TA,1,1955,1955,1955,122000
1215,7,2327,Gd,2,596,Gd,1129,1129,Gd,2,2003,2003,2003,240000
1216,7,1902,Gd,2,567,Ex,1902,1902,Gd,2,1959,2002,1959,335000
1217,9,1922,Gd,3,676,Gd,1922,1922,Ex,2,2005,2006,2005,377426
1218,5,1284,TA,1,240,TA,720,720,TA,1,1947,1950,1948,110000
1219,5,884,TA,2,504,Gd,840,884,Gd,1,1983,1983,1983,144000
1220,9,1766,Ex,3,478,Ex,1766,1766,Ex,2,2009,2009,2009,370878
1221,6,1040,TA,2,616,TA,960,1040,TA,1,1978,1978,1979,160500
1222,8,2497,Gd,2,676,Gd,2461,2497,Gd,2,1981,1981,1981,373000
1223,6,1604,TA,2,472,TA,926,926,Gd,2,1998,1998,1998,195500
1224,9,1668,Gd,3,702,Gd,1626,1668,Gd,2,2002,2002,2002,285000
1225,6,1572,TA,2,373,TA,806,806,Gd,2,1995,1996,1995,168000
1226,8,1466,Gd,3,610,Gd,1466,1466,Gd,2,2007,2007,2007,201000
1227,6,987,TA,1,264,TA,483,483,TA,1,1971,1971,1971,89500
1228,6,1092,TA,1,264,TA,525,525,TA,1,1971,1971,1971,88000
1229,7,1344,TA,4,784,TA,1344,1344,Gd,2,1997,1998,1997,209200
1230,7,1879,Gd,2,473,Gd,1079,1079,Gd,2,1993,1994,1993,239900
1231,9,1680,Ex,3,1138,Ex,1555,1680,Ex,1,2009,2009,2009,323262
1232,5,1812,TA,1,264,TA,864,876,TA,2,1962,1962,1962,169500
1233,8,1179,Gd,2,480,TA,1166,1179,Gd,2,1988,1988,1988,182000
1234,8,1590,Gd,2,676,Gd,768,786,Gd,2,2008,2008,2008,210000
1235,5,816,TA,1,100,TA,816,816,TA,1,1922,1950,1922,75200
1236,8,1964,Gd,3,892,Gd,1964,1964,Ex,2,2005,2006,2005,370000
1237,7,1108,TA,1,280,Gd,637,1108,TA,1,1930,1950,1930,139400
1238,6,1082,TA,2,480,TA,973,1082,Gd,1,1969,1969,1969,162500
1239,7,1982,Gd,2,575,Gd,807,1175,Gd,2,1989,1989,1989,228500
1240,7,1725,TA,2,550,TA,539,1040,TA,2,1979,1979,1979,197000
1241,6,1626,TA,1,332,Gd,988,988,TA,1,1954,1954,1954,154000
1242,8,2450,Gd,3,1069,Gd,1284,1310,Gd,2,1998,1998,1998,340000
1243,9,1884,Ex,2,649,Ex,1884,1884,Ex,2,2008,2009,2008,320000
1244,5,1432,TA,2,531,TA,716,716,Gd,1,1977,1977,1977,157000
1245,7,1620,TA,2,578,Gd,1620,1620,TA,2,1967,1967,1967,215000
1246,4,988,TA,1,297,TA,462,526,Gd,1,1973,1973,1973,91000
1247,6,1523,TA,2,478,TA,1193,1523,Gd,2,1976,1976,1976,180000
1248,7,1541,Gd,3,843,Gd,1541,1541,Gd,2,2001,2002,2001,205000
1249,4,864,TA,2,463,TA,864,864,TA,1,1970,1970,1994,124500
1250,5,1786,TA,2,529,TA,1499,1619,TA,2,1965,1965,1965,228950
1251,6,1714,TA,2,451,TA,923,947,Gd,2,1999,2000,2000,180000
1252,8,1696,Gd,3,972,Gd,1696,1696,Gd,2,2008,2008,2008,275000
1253,7,1312,TA,2,495,TA,1312,1312,TA,1,1958,2001,1958,186000
1254,6,1489,TA,1,240,TA,778,944,TA,2,1940,1950,1940,139500
1255,5,1324,TA,1,180,Gd,741,741,TA,1,1930,1984,1930,110000
1256,6,1332,Gd,2,542,Gd,1332,1332,Gd,2,1990,1991,1990,145000
1257,5,1050,TA,1,338,TA,1050,1050,TA,1,1956,1956,1956,128900
1258,9,1884,Ex,3,670,Ex,1884,1884,Ex,2,2004,2004,2004,387000
1259,9,2868,Gd,3,716,Ex,1992,1992,Ex,3,2005,2006,2005,556581
1260,5,1572,TA,3,995,TA,1572,1572,TA,1,1963,1963,1963,186700
1261,6,1107,TA,1,625,TA,629,727,TA,1,1921,1975,1950,110000
1262,7,1820,TA,2,492,Gd,864,902,TA,1,1965,1988,1965,201800
1263,7,1768,Gd,2,543,Gd,884,884,Gd,2,2003,2003,2003,224900
1264,6,1500,TA,2,564,Gd,750,750,Gd,2,2005,2006,2005,173900
1265,9,3140,Ex,3,820,Ex,1926,1966,Ex,3,2008,2009,2009,485000
1266,6,1442,TA,1,301,TA,1442,1442,TA,1,1958,1958,1958,157900
1267,6,1537,Gd,2,462,Gd,1319,1537,TA,1,1962,2005,1962,174000
1268,5,1052,TA,1,668,TA,1052,1052,TA,1,1967,1967,1984,113500
1269,7,1661,TA,2,598,Gd,1649,1661,Gd,2,1998,1998,1998,224900
1270,6,1072,TA,2,525,TA,547,1072,Gd,1,2005,2005,2005,148000
1271,5,990,TA,1,384,TA,990,990,Gd,1,1994,1994,1995,146000
1272,6,1316,TA,1,369,TA,644,672,TA,1,1926,1950,2001,145000
1273,5,1604,TA,2,660,TA,984,984,TA,2,1941,1960,1977,117000
1274,8,1970,Gd,3,753,Ex,1085,1120,Gd,2,2006,2006,2006,281000
1275,5,864,TA,1,440,TA,864,864,TA,1,1961,1961,1961,122000
1276,6,1032,TA,2,462,TA,516,516,Gd,1,1980,1980,1980,116500
1277,5,1297,TA,2,498,TA,1297,1297,TA,1,1954,1990,1954,153000
1278,5,1144,TA,1,796,TA,1144,1144,TA,1,1959,1959,1959,143000
1279,6,1196,TA,2,576,TA,572,848,TA,1,1940,1950,1973,128000
1280,7,1083,Gd,2,596,TA,1047,1083,Ex,1,1976,1976,1976,172000
1281,6,1593,TA,2,389,TA,808,808,Gd,2,1992,1993,1993,178000
1282,5,1236,TA,1,288,TA,912,1236,TA,1,1961,1994,1961,135000
1283,7,1939,TA,3,555,Gd,1054,1070,Gd,2,1998,1998,1998,227000
1284,6,1362,Gd,2,460,Gd,1362,1362,Gd,2,2005,2006,2005,194700
1285,5,2168,TA,2,576,Gd,760,928,TA,2,1900,1993,1998,123000
1286,6,1158,TA,1,208,TA,862,950,TA,1,1929,1950,1929,120000
1287,6,848,Gd,2,420,Gd,848,848,Gd,1,2004,2004,2004,143000
1288,7,1694,Gd,1,434,Gd,569,854,Gd,2,1997,1998,1997,200000
1289,7,1977,Gd,3,574,Gd,982,982,Gd,2,2006,2006,2006,250000
1290,5,990,TA,1,299,TA,990,990,Gd,1,1994,1994,1996,126000
1291,8,1360,Gd,2,565,Gd,1220,1360,Gd,1,1984,1984,1984,187500
1292,7,1527,TA,2,410,TA,699,801,TA,1,1948,1999,1948,152500
1293,3,1077,TA,1,210,TA,1007,1077,TA,1,1922,1950,1922,91000
1294,7,2014,Gd,2,486,Gd,912,1072,Gd,2,2003,2003,2003,170000
1295,7,1143,Gd,2,588,Gd,1143,1143,Gd,1,2004,2004,2004,176400
1296,6,1092,TA,1,264,TA,525,525,TA,1,1972,1972,1972,108000
1297,6,1468,Gd,2,528,Gd,1468,1468,Ex,2,2005,2005,2005,271500
1298,8,1280,Gd,2,506,Gd,1280,1280,Gd,2,1992,1992,1992,180000
1299,10,2084,Ex,3,1220,Ex,2078,2084,Ex,2,2007,2008,2007,385000
1300,7,2133,Gd,1,312,TA,1528,1225,Gd,1,1941,1985,1941,257500
1301,5,1059,TA,1,286,TA,1059,1059,TA,1,1966,1966,1966,142500
1302,6,1491,Gd,2,571,TA,1491,1491,Ex,2,1996,1996,1996,178000
1303,6,1632,TA,2,484,Gd,800,800,TA,1,1966,2000,1966,173000
1304,9,1866,Ex,3,870,Ex,1858,1866,Gd,2,2008,2008,2008,336860
1305,8,2365,Gd,3,856,Gd,1252,1268,Gd,2,1999,1999,1999,337000
1306,5,1242,TA,1,324,TA,1242,1242,TA,1,1960,1960,1960,152000
1307,7,1200,TA,2,480,Gd,600,520,Gd,2,2005,2005,2005,151000
1308,5,1232,TA,2,480,TA,616,616,TA,1,1910,1950,1920,114000
1309,7,1045,TA,2,528,TA,1045,1045,TA,1,1962,1962,1962,120000
1310,8,1584,Ex,2,594,Ex,1574,1584,Gd,2,2007,2007,2007,261329
1311,5,1382,TA,1,350,Gd,1382,1382,TA,1,1955,1955,1955,153000
1312,9,2452,Gd,3,886,Ex,2452,2452,Ex,2,2003,2003,2003,445000
1313,6,1434,TA,2,528,TA,1434,1434,TA,2,1974,1974,1974,157000
1314,5,2414,TA,2,520,TA,954,1766,TA,2,1900,1970,1970,160000
1315,6,1138,TA,2,480,TA,1138,1138,TA,1,1960,1960,1960,148000
1316,7,1782,Gd,2,551,Gd,1782,1782,Gd,2,1979,1979,1979,220000
1317,5,1200,TA,2,884,Gd,864,1200,TA,1,1965,1998,1977,146000
1318,5,2620,TA,2,600,TA,1361,1361,Gd,2,1977,1977,1977,190000
1319,4,1363,TA,2,528,TA,622,741,Fa,1,1910,1950,1966,125500
1320,5,925,Gd,2,576,TA,912,925,TA,1,1965,2005,1978,135000
1321,6,832,TA,2,528,Gd,832,832,TA,1,1954,1954,1962,105500
1322,8,1629,Gd,3,808,Gd,1616,1629,Gd,2,2002,2003,2002,270000
1323,7,1718,TA,2,264,Gd,851,867,TA,2,1927,1992,1927,238000
1324,5,1216,TA,1,336,TA,1216,1216,TA,1,1955,1955,1955,129500
1325,5,886,TA,1,273,TA,190,886,Fa,1,1938,1996,1938,91300
1326,6,1136,TA,1,384,TA,1136,1136,TA,1,1965,1965,1965,140000
1327,8,1826,Gd,3,758,Gd,1814,1826,Gd,2,2005,2006,2005,319000
1328,8,1634,Gd,3,866,Gd,1626,1634,Gd,2,2006,2006,2006,250000
1329,8,1370,Gd,2,484,Gd,1370,1370,Gd,2,2006,2006,2006,205000
1330,5,1235,TA,2,480,TA,1235,1235,TA,1,1961,1961,1961,98600
1331,8,1828,Gd,2,523,Gd,1822,1828,Ex,2,2002,2003,2002,279500
1332,5,864,TA,1,336,TA,864,864,TA,1,1962,1962,1962,105000
1333,6,1396,TA,1,384,TA,698,698,TA,1,1915,2003,2003,153575
1334,8,1592,Gd,2,484,Gd,1556,1592,Gd,2,1994,1995,1994,228000
1335,4,914,TA,1,270,TA,914,914,TA,1,1961,1961,1961,128000
1336,5,1154,TA,2,480,TA,1154,1154,TA,1,1966,1966,1966,154000
1337,10,2698,Ex,3,736,Ex,1850,1850,Ex,2,2006,2006,2006,535000
1338,5,910,Gd,2,414,Gd,105,910,TA,1,1953,1996,1953,116000
1339,5,924,TA,2,576,TA,672,672,TA,1,1949,2006,2003,122900
1340,7,1826,Gd,1,164,Ex,910,916,TA,1,1915,2005,1915,155000
1341,5,925,TA,2,484,TA,925,925,TA,1,1963,1963,1990,133500
1342,4,572,TA,1,200,TA,572,572,TA,1,1925,1950,1940,75000
1343,6,2614,TA,2,624,TA,1522,1548,TA,2,1974,1997,1974,240000
1344,5,960,TA,1,392,Fa,960,960,TA,1,1959,2000,1959,131750
1345,6,865,TA,1,216,TA,660,740,TA,1,1920,1995,1920,108500
1346,6,1756,Gd,2,422,TA,872,888,Ex,2,1996,1997,1996,204000
1347,9,2748,Gd,3,850,Ex,1850,1850,Ex,2,2006,2006,2006,390000
1348,5,1214,TA,1,318,TA,1214,1214,TA,2,1967,1967,1967,143000
1349,5,894,TA,2,440,TA,864,894,Gd,1,1974,1974,1974,131000
1350,5,907,TA,1,343,TA,907,907,Gd,1,1978,1978,1978,140000