본사정원수,본사휴가자수,본사출장자수,본사시간외근무명령서승인건수,현본사소속재택근무자수,석식계,연,월,일,요일_찐,개꿀가능성,휴일전날,휴일다음날,대면출근자,석식_밥,석식_메인요리,석식_국
2601,50,150,238,0.0,331.0,2016,2,1,0,0,0,0,2551.0,73,365,235
2601,50,173,319,0.0,560.0,2016,2,2,1,0,0,0,2551.0,117,360,191
2601,56,180,111,0.0,573.0,2016,2,3,2,0,0,0,2545.0,73,463,257
2601,104,220,355,0.0,525.0,2016,2,4,3,0,0,0,2497.0,41,187,224
2601,278,181,34,0.0,330.0,2016,2,5,4,0,0,0,2323.0,73,98,253
2601,383,143,417,0.0,550.0,2016,2,11,3,0,0,1,2218.0,104,65,86
2601,389,156,93,0.0,598.0,2016,2,12,4,0,0,0,2212.0,73,209,31
2601,87,204,482,0.0,672.0,2016,2,15,0,0,0,0,2514.0,73,153,292
2601,72,236,526,0.0,523.0,2016,2,16,1,0,0,0,2529.0,73,292,70
2601,78,250,23,0.0,588.0,2016,2,17,2,0,0,0,2523.0,49,259,86
2601,77,254,367,0.0,489.0,2016,2,18,3,0,0,0,2524.0,73,189,174
2601,145,252,69,0.0,597.0,2016,2,19,4,0,0,0,2456.0,73,72,158
2601,90,207,434,0.0,645.0,2016,2,22,0,0,0,0,2511.0,73,163,217
2601,57,237,488,0.0,610.0,2016,2,23,1,0,0,0,2544.0,73,446,269
2601,54,232,14,0.0,514.0,2016,2,24,2,0,0,0,2547.0,73,178,203
2601,56,261,335,0.0,531.0,2016,2,25,3,0,0,0,2545.0,13,62,237
2601,144,278,42,0.0,585.0,2016,2,26,4,0,0,0,2457.0,73,242,55
2601,595,168,110,0.0,344.0,2016,2,29,0,1,1,0,2006.0,73,84,132
2624,127,182,261,0.0,631.0,2016,3,2,2,0,0,1,2497.0,73,221,70
2624,61,224,351,0.0,473.0,2016,3,3,3,0,0,0,2563.0,39,164,224
2624,83,247,79,0.0,673.0,2016,3,4,4,0,0,0,2541.0,73,214,208
2624,50,195,456,0.0,625.0,2016,3,7,0,0,0,0,2574.0,73,132,60
2624,47,212,426,0.0,609.0,2016,3,8,1,0,0,0,2577.0,113,296,4
2624,43,225,0,0.0,523.0,2016,3,9,2,0,0,0,2581.0,73,266,235
2624,55,245,290,0.0,525.0,2016,3,10,3,0,0,0,2569.0,46,36,245
2624,108,275,76,0.0,591.0,2016,3,11,4,0,0,0,2516.0,73,414,201
2624,61,183,376,0.0,586.0,2016,3,14,0,0,0,0,2563.0,73,23,54
2624,38,231,399,0.0,545.0,2016,3,15,1,0,0,0,2586.0,98,390,13
2624,50,213,0,0.0,531.0,2016,3,16,2,0,0,0,2574.0,73,459,148
2624,52,242,327,0.0,548.0,2016,3,17,3,0,0,0,2572.0,119,211,190
2624,118,277,57,0.0,521.0,2016,3,18,4,0,0,0,2506.0,73,364,56
2624,65,205,329,0.0,605.0,2016,3,21,0,0,0,0,2559.0,73,322,170
2624,41,208,378,0.0,585.0,2016,3,22,1,0,0,0,2583.0,11,391,4
2624,42,236,0,0.0,544.0,2016,3,23,2,0,0,0,2582.0,73,145,187
2624,53,251,293,0.0,507.0,2016,3,24,3,0,0,0,2571.0,104,65,122
2624,98,275,59,0.0,523.0,2016,3,25,4,0,0,0,2526.0,73,91,49
2624,77,197,299,0.0,637.0,2016,3,28,0,0,0,0,2547.0,73,360,269
2624,52,245,259,0.0,465.0,2016,3,29,1,0,0,0,2572.0,129,140,231
2624,48,230,0,0.0,463.0,2016,3,30,2,0,0,0,2576.0,73,153,191
2624,36,248,158,0.0,526.0,2016,3,31,3,0,0,0,2588.0,93,165,237
2643,103,254,47,0.0,591.0,2016,4,1,4,0,0,0,2540.0,73,313,168
2643,62,221,367,0.0,614.0,2016,4,4,0,0,0,0,2581.0,73,50,70
2643,31,242,370,0.0,555.0,2016,4,5,1,0,0,0,2612.0,17,34,4
2643,37,249,0,0.0,492.0,2016,4,6,2,0,0,0,2606.0,73,387,96
2643,47,258,339,0.0,524.0,2016,4,7,3,0,0,0,2596.0,13,328,224
2643,87,283,64,0.0,542.0,2016,4,8,4,0,0,0,2556.0,73,209,208
2643,82,203,392,0.0,536.0,2016,4,11,0,0,0,0,2561.0,73,16,167
2643,76,225,239,0.0,500.0,2016,4,12,1,0,1,0,2567.0,112,164,232
2643,106,252,326,0.0,562.0,2016,4,14,3,0,0,1,2537.0,54,259,276
2643,131,281,82,0.0,582.0,2016,4,15,4,0,0,0,2512.0,73,297,75
2643,81,225,330,0.0,525.0,2016,4,18,0,0,0,0,2562.0,73,360,39
2643,44,239,387,0.0,449.0,2016,4,19,1,0,0,0,2599.0,29,253,231
2643,47,262,0,0.0,504.0,2016,4,20,2,0,0,0,2596.0,73,105,191
2643,66,264,312,0.0,531.0,2016,4,21,3,0,0,0,2577.0,81,449,275
2643,150,275,86,0.0,557.0,2016,4,22,4,0,0,0,2493.0,73,429,174
2643,96,201,281,0.0,528.0,2016,4,25,0,0,0,0,2547.0,73,313,187
2643,51,227,304,0.0,568.0,2016,4,26,1,0,0,0,2592.0,95,290,86
2643,71,234,0,0.0,490.0,2016,4,27,2,0,0,0,2572.0,73,414,257
2643,56,269,196,0.0,508.0,2016,4,28,3,0,0,0,2587.0,103,20,145
2643,139,282,28,0.0,507.0,2016,4,29,4,0,0,0,2504.0,73,55,77
2635,80,214,302,0.0,551.0,2016,5,2,0,0,0,1,2555.0,73,56,140
2635,65,251,292,0.0,515.0,2016,5,3,1,0,0,0,2570.0,73,430,138
2635,150,244,0,0.0,636.0,2016,5,4,2,0,1,0,2485.0,113,303,122
2635,101,233,344,0.0,591.0,2016,5,9,0,0,0,0,2534.0,73,18,55
2635,53,252,350,0.0,519.0,2016,5,10,1,0,0,0,2582.0,18,391,3
2635,60,266,0,0.0,423.0,2016,5,11,2,0,0,0,2575.0,73,452,269
2635,71,274,315,0.0,532.0,2016,5,12,3,0,0,0,2564.0,34,187,237
2635,185,268,80,0.0,517.0,2016,5,13,4,0,1,0,2450.0,73,413,167
2635,99,216,368,0.0,594.0,2016,5,16,0,0,0,0,2536.0,73,378,56
2635,41,254,377,0.0,633.0,2016,5,17,1,0,0,0,2594.0,84,164,224
2635,71,257,0,0.0,456.0,2016,5,18,2,0,0,0,2564.0,73,463,148
2635,65,266,264,0.0,529.0,2016,5,19,3,0,0,0,2570.0,60,237,277
2635,169,287,56,0.0,487.0,2016,5,20,4,0,0,0,2466.0,73,85,235
2635,88,203,362,0.0,613.0,2016,5,23,0,0,0,0,2547.0,73,115,170
2635,74,234,310,0.0,465.0,2016,5,24,1,0,0,0,2561.0,104,43,86
2635,72,258,0,0.0,454.0,2016,5,25,2,0,0,0,2563.0,73,153,70
2635,64,285,227,0.0,520.0,2016,5,26,3,0,0,0,2571.0,99,395,13
2635,163,291,61,0.0,493.0,2016,5,27,4,0,0,0,2472.0,73,142,39
2635,73,215,291,0.0,631.0,2016,5,30,0,0,0,0,2562.0,73,210,283
2635,50,250,185,0.0,535.0,2016,5,31,1,0,0,0,2585.0,103,296,183
2637,75,245,0,0.0,490.0,2016,6,1,2,0,0,0,2562.0,73,56,191
2637,81,258,301,0.0,483.0,2016,6,2,3,0,0,0,2556.0,31,55,231
2637,191,268,64,0.0,548.0,2016,6,3,4,0,0,0,2446.0,73,299,180
2637,115,192,389,0.0,629.0,2016,6,7,1,0,0,1,2522.0,117,215,4
2637,58,240,0,0.0,500.0,2016,6,8,2,0,0,0,2579.0,73,365,235
2637,69,252,359,0.0,506.0,2016,6,9,3,0,0,0,2568.0,111,344,204
2637,151,270,61,0.0,509.0,2016,6,10,4,0,0,0,2486.0,73,221,191
2637,98,209,415,0.0,590.0,2016,6,13,0,0,0,0,2539.0,73,245,77
2637,56,241,432,0.0,593.0,2016,6,14,1,0,0,0,2581.0,81,468,122
2637,60,260,0,0.0,535.0,2016,6,15,2,0,0,0,2577.0,73,459,55
2637,73,263,336,0.0,524.0,2016,6,16,3,0,0,0,2564.0,84,408,45
2637,165,291,60,0.0,484.0,2016,6,17,4,0,0,0,2472.0,73,360,163
2637,101,257,344,0.0,585.0,2016,6,20,0,0,0,0,2536.0,73,292,289
2637,49,248,349,0.0,645.0,2016,6,21,1,0,0,0,2588.0,14,420,144
2637,47,258,0,0.0,467.0,2016,6,22,2,0,0,0,2590.0,73,391,56
2637,53,271,346,0.0,588.0,2016,6,23,3,0,0,0,2584.0,89,331,273
2637,169,284,52,0.0,475.0,2016,6,24,4,0,0,0,2468.0,73,452,174
2637,96,227,300,0.0,609.0,2016,6,27,0,0,0,0,2541.0,73,190,30
2637,63,253,226,0.0,535.0,2016,6,28,1,0,0,0,2574.0,51,428,12
2637,67,248,0,0.0,487.0,2016,6,29,2,0,0,0,2570.0,73,322,257
2637,76,247,151,0.0,446.0,2016,6,30,3,0,0,0,2561.0,93,33,24
2643,145,215,41,0.0,513.0,2016,7,1,4,0,0,0,2498.0,73,75,252
2643,88,190,385,0.0,582.0,2016,7,4,0,0,0,0,2555.0,73,105,203
2643,55,226,376,0.0,551.0,2016,7,5,1,0,0,0,2588.0,11,429,86
2643,56,224,0,0.0,484.0,2016,7,6,2,0,0,0,2587.0,73,345,178
2643,64,238,340,0.0,494.0,2016,7,7,3,0,0,0,2579.0,73,92,278
2643,155,260,60,0.0,534.0,2016,7,8,4,0,0,0,2488.0,73,55,187
2643,121,210,366,0.0,630.0,2016,7,11,0,0,0,0,2522.0,73,18,136
2643,72,223,382,0.0,519.0,2016,7,12,1,0,0,0,2571.0,46,308,183
2643,79,241,0,0.0,483.0,2016,7,13,2,0,0,0,2564.0,73,463,169
2643,84,252,308,0.0,550.0,2016,7,14,3,0,0,0,2559.0,39,60,111
2643,189,261,55,0.0,503.0,2016,7,15,4,0,0,0,2454.0,73,288,208
2643,126,208,343,0.0,596.0,2016,7,18,0,0,0,0,2517.0,73,51,50
2643,111,233,263,0.0,424.0,2016,7,19,1,0,0,0,2532.0,116,90,86
2643,124,238,0,0.0,443.0,2016,7,20,2,0,0,0,2519.0,73,407,67
2643,115,255,263,0.0,446.0,2016,7,21,3,0,0,0,2528.0,49,360,13
2643,251,272,47,0.0,501.0,2016,7,22,4,0,0,0,2392.0,73,75,64
2643,277,180,247,0.0,584.0,2016,7,25,0,0,0,0,2366.0,73,118,264
2643,260,185,269,0.0,582.0,2016,7,26,1,0,0,0,2383.0,111,344,237
2643,299,192,0,0.0,423.0,2016,7,27,2,0,0,0,2344.0,73,105,191
2643,340,204,197,0.0,434.0,2016,7,28,3,0,0,0,2303.0,114,310,86
2643,486,207,36,0.0,472.0,2016,7,29,4,0,0,0,2157.0,73,158,186
2644,512,109,238,0.0,510.0,2016,8,1,0,0,0,0,2132.0,73,281,266
2644,460,167,268,0.0,515.0,2016,8,2,1,0,0,0,2184.0,73,190,249
2644,485,183,0,0.0,363.0,2016,8,3,2,0,0,0,2159.0,93,279,45
2644,467,200,262,0.0,456.0,2016,8,4,3,0,0,0,2177.0,81,164,4
2644,538,212,46,0.0,448.0,2016,8,5,4,0,0,0,2106.0,73,384,167
2644,421,180,255,0.0,480.0,2016,8,8,0,0,0,0,2223.0,73,387,140
2644,392,182,286,0.0,470.0,2016,8,9,1,0,0,0,2252.0,88,187,265
2644,411,188,0,0.0,451.0,2016,8,10,2,0,0,0,2233.0,73,459,55
2644,413,202,295,0.0,530.0,2016,8,11,3,0,0,0,2231.0,46,406,175
2644,587,215,60,0.0,410.0,2016,8,12,4,0,0,0,2057.0,73,246,30
2644,352,177,351,0.0,561.0,2016,8,16,1,0,0,1,2292.0,15,60,122
2644,311,191,0,0.0,465.0,2016,8,17,2,0,0,0,2333.0,73,132,269
2644,274,215,364,0.0,574.0,2016,8,18,3,0,0,0,2370.0,84,355,29
2644,345,237,59,0.0,532.0,2016,8,19,4,0,0,0,2299.0,73,466,70
2644,115,159,458,0.0,729.0,2016,8,22,0,0,0,0,2529.0,73,139,108
2644,86,211,386,0.0,563.0,2016,8,23,1,0,0,0,2558.0,17,461,231
2644,113,209,0,0.0,588.0,2016,8,24,2,0,0,0,2531.0,73,153,6
2644,123,241,308,0.0,508.0,2016,8,25,3,0,0,0,2521.0,115,394,236
2644,194,269,70,0.0,489.0,2016,8,26,4,0,0,0,2450.0,73,378,268
2644,132,202,352,0.0,568.0,2016,8,29,0,0,0,0,2512.0,73,98,253
2644,96,242,268,0.0,514.0,2016,8,30,1,0,0,0,2548.0,12,296,86
2644,98,236,0,0.0,498.0,2016,8,31,2,0,0,0,2546.0,73,76,257
2769,99,250,336,0.0,468.0,2016,9,1,3,0,0,0,2670.0,103,43,83
2769,177,279,76,0.0,460.0,2016,9,2,4,0,0,0,2592.0,73,141,187
2769,100,225,447,0.0,554.0,2016,9,5,0,0,0,0,2669.0,73,372,191
2769,59,253,477,0.0,560.0,2016,9,6,1,0,0,0,2710.0,51,187,231
2769,65,241,0,0.0,504.0,2016,9,7,2,0,0,0,2704.0,73,109,195
2769,69,255,438,0.0,548.0,2016,9,8,3,0,0,0,2700.0,13,257,237
2769,137,288,86,0.0,485.0,2016,9,9,4,0,0,0,2632.0,73,365,168
2769,328,176,306,0.0,504.0,2016,9,12,0,0,0,0,2441.0,46,211,183
2769,511,108,52,0.0,238.0,2016,9,13,1,0,1,0,2258.0,73,378,254
2769,167,180,550,0.0,662.0,2016,9,19,0,0,0,0,2602.0,73,431,170
2769,69,227,588,0.0,627.0,2016,9,20,1,0,0,0,2700.0,116,368,86
2769,58,246,0,0.0,603.0,2016,9,21,2,0,0,0,2711.0,73,283,15
2769,137,253,403,0.0,533.0,2016,9,22,3,0,0,0,2632.0,84,193,34
2769,165,278,99,0.0,562.0,2016,9,23,4,0,0,0,2604.0,73,299,266
2769,70,224,494,0.0,710.0,2016,9,26,0,0,0,0,2699.0,73,29,109
2769,56,233,380,0.0,550.0,2016,9,27,1,0,0,0,2713.0,68,429,122
2769,50,225,0,0.0,591.0,2016,9,28,2,0,0,0,2719.0,73,208,242
2769,153,227,331,0.0,622.0,2016,9,29,3,0,0,0,2616.0,111,344,237
2769,158,256,59,0.0,539.0,2016,9,30,4,0,0,0,2611.0,73,127,18
2670,59,239,1035,0.0,902.0,2016,10,4,1,0,0,1,2611.0,73,104,269
2670,41,228,0,0.0,905.0,2016,10,5,2,0,0,0,2629.0,73,210,174
2670,56,245,378,0.0,352.0,2016,10,6,3,0,0,0,2614.0,88,65,245
2670,144,252,80,0.0,554.0,2016,10,7,4,0,0,0,2526.0,73,416,235
2670,104,216,443,0.0,546.0,2016,10,10,0,0,0,1,2566.0,73,132,266
2670,69,256,386,0.0,522.0,2016,10,11,1,0,0,0,2601.0,17,68,122
2670,64,251,0,0.0,527.0,2016,10,12,2,0,0,0,2606.0,73,109,295
2670,66,262,612,0.0,667.0,2016,10,13,3,0,0,0,2604.0,121,391,193
2670,144,265,172,0.0,544.0,2016,10,14,4,0,0,0,2526.0,73,429,136
2670,107,241,425,0.0,527.0,2016,10,17,0,0,0,0,2563.0,73,103,279
2670,53,262,394,0.0,544.0,2016,10,18,1,0,0,0,2617.0,26,36,255
2670,72,267,0,0.0,475.0,2016,10,19,2,0,0,0,2598.0,73,150,191
2670,105,269,281,0.0,564.0,2016,10,20,3,0,0,0,2565.0,78,262,210
2670,228,280,62,0.0,442.0,2016,10,21,4,0,0,0,2442.0,73,459,55
2670,120,223,367,0.0,600.0,2016,10,24,0,0,0,0,2550.0,73,99,139
2670,73,259,345,0.0,559.0,2016,10,25,1,0,0,0,2597.0,81,468,4
2670,89,258,0,0.0,410.0,2016,10,26,2,0,0,0,2581.0,73,16,169
2670,94,272,240,0.0,454.0,2016,10,27,3,0,0,0,2576.0,73,360,128
2670,192,277,63,0.0,475.0,2016,10,28,4,0,0,0,2478.0,73,163,208
2670,134,223,255,0.0,540.0,2016,10,31,0,0,0,0,2536.0,73,242,136
2689,70,212,515,0.0,578.0,2016,11,1,1,0,0,0,2619.0,95,65,284
2689,73,231,0,0.0,540.0,2016,11,2,2,0,0,0,2616.0,73,148,257
2689,72,283,408,0.0,553.0,2016,11,3,3,0,0,0,2617.0,104,260,122
2689,168,276,81,0.0,497.0,2016,11,4,4,0,0,0,2521.0,73,132,174
2689,133,222,539,0.0,506.0,2016,11,7,0,0,0,0,2556.0,73,18,107
2689,60,250,503,0.0,512.0,2016,11,8,1,0,0,0,2629.0,28,335,86
2689,58,267,0,0.0,499.0,2016,11,9,2,0,0,0,2631.0,73,48,148
2689,73,267,385,0.0,513.0,2016,11,10,3,0,0,0,2616.0,13,455,12
2689,173,286,69,0.0,426.0,2016,11,11,4,0,0,0,2516.0,73,213,56
2689,92,227,461,0.0,539.0,2016,11,14,0,0,0,0,2597.0,73,178,266
2689,66,273,418,0.0,418.0,2016,11,15,1,0,0,0,2623.0,12,211,122
2689,60,250,0,0.0,463.0,2016,11,16,2,0,0,0,2629.0,73,299,67
2689,134,263,411,0.0,551.0,2016,11,17,3,0,0,0,2555.0,62,164,224
2689,219,287,57,0.0,388.0,2016,11,18,4,0,0,0,2470.0,73,429,235
2689,94,202,522,0.0,616.0,2016,11,21,0,0,0,0,2595.0,73,153,295
2689,45,238,452,0.0,580.0,2016,11,22,1,0,0,0,2644.0,130,258,277
2689,52,251,0,0.0,482.0,2016,11,23,2,0,0,0,2637.0,73,384,163
2689,61,262,351,0.0,498.0,2016,11,24,3,0,0,0,2628.0,39,165,237
2689,200,279,68,0.0,392.0,2016,11,25,4,0,0,0,2489.0,73,368,70
2689,114,219,397,0.0,623.0,2016,11,28,0,0,0,0,2575.0,73,99,179
2689,84,218,388,0.0,587.0,2016,11,29,1,0,0,0,2605.0,103,328,245
2689,68,207,0,0.0,0.0,2016,11,30,2,0,0,0,2621.0,-1,-1,-1
2705,84,243,688,0.0,571.0,2016,12,1,3,0,0,0,2621.0,17,296,122
2705,183,272,152,0.0,448.0,2016,12,2,4,0,0,0,2522.0,73,210,208
2705,101,207,839,0.0,560.0,2016,12,5,0,0,0,0,2604.0,73,276,93
2705,69,222,799,0.0,593.0,2016,12,6,1,0,0,0,2636.0,84,93,183
2705,69,232,0,0.0,468.0,2016,12,7,2,0,0,0,2636.0,73,359,136
2705,76,262,587,0.0,512.0,2016,12,8,3,0,0,0,2629.0,13,455,12
2705,196,284,152,0.0,416.0,2016,12,9,4,0,0,0,2509.0,73,378,167
2705,102,193,633,0.0,544.0,2016,12,12,0,0,0,0,2603.0,73,360,59
2705,65,226,511,0.0,482.0,2016,12,13,1,0,0,0,2640.0,93,432,190
2705,82,247,0,0.0,441.0,2016,12,14,2,0,0,0,2623.0,73,23,92
2705,98,234,229,0.0,499.0,2016,12,15,3,0,0,0,2607.0,81,453,277
2705,167,262,37,0.0,518.0,2016,12,16,4,0,0,0,2538.0,73,153,123
2705,104,217,197,0.0,482.0,2016,12,19,0,0,0,0,2601.0,73,429,235
2705,89,238,126,0.0,461.0,2016,12,20,1,0,0,0,2616.0,111,344,237
2705,72,230,0,0.0,494.0,2016,12,21,2,0,0,0,2633.0,73,141,187
2705,118,242,32,0.0,213.0,2016,12,22,3,0,0,0,2587.0,88,237,128
2705,343,243,7,0.0,398.0,2016,12,23,4,0,0,0,2362.0,73,68,64
2705,206,194,63,0.0,328.0,2016,12,26,0,0,0,1,2499.0,73,13,257
2705,127,236,51,0.0,314.0,2016,12,27,1,0,0,0,2578.0,126,127,86
2705,166,225,0,0.0,0.0,2016,12,28,2,0,0,0,2539.0,-1,-1,-1
2705,242,201,42,0.0,343.0,2016,12,29,3,0,0,0,2463.0,103,290,29
2705,529,127,3,0.0,275.0,2016,12,30,4,0,0,0,2176.0,73,105,135
2697,96,102,272,0.0,559.0,2017,1,2,0,0,0,1,2601.0,73,197,103
2697,61,158,259,0.0,364.0,2017,1,3,1,0,0,0,2636.0,104,295,232
2697,67,170,0,0.0,427.0,2017,1,4,2,0,0,0,2630.0,73,101,9
2697,79,207,316,0.0,531.0,2017,1,5,3,0,0,0,2618.0,38,171,277
2697,189,224,74,0.0,523.0,2017,1,6,4,0,0,0,2508.0,73,154,74
2697,121,166,445,0.0,620.0,2017,1,9,0,0,0,0,2576.0,73,333,269
2697,70,199,412,0.0,533.0,2017,1,10,1,0,0,0,2627.0,20,168,3
2697,57,223,0,0.0,514.0,2017,1,11,2,0,0,0,2640.0,73,372,279
2697,85,238,305,0.0,416.0,2017,1,12,3,0,0,0,2612.0,73,246,146
2697,191,247,62,0.0,533.0,2017,1,13,4,0,0,0,2506.0,73,277,180
2697,123,196,432,0.0,571.0,2017,1,16,0,0,0,0,2574.0,73,178,6
2697,75,215,380,0.0,469.0,2017,1,17,1,0,0,0,2622.0,130,99,86
2697,59,240,0,0.0,394.0,2017,1,18,2,0,0,0,2638.0,73,28,169
2697,93,236,334,0.0,499.0,2017,1,19,3,0,0,0,2604.0,13,440,157
2697,207,267,61,0.0,446.0,2017,1,20,4,0,0,0,2490.0,73,459,136
2697,108,202,396,0.0,509.0,2017,1,23,0,0,0,0,2589.0,73,222,166
2697,63,218,273,0.0,396.0,2017,1,24,1,0,0,0,2634.0,39,290,237
2697,79,203,0,0.0,0.0,2017,1,25,2,0,0,0,2618.0,-1,-1,-1
2697,369,117,28,0.0,147.0,2017,1,26,3,0,1,0,2328.0,73,127,182
2697,177,58,278,0.0,680.0,2017,1,31,1,0,0,1,2520.0,17,449,34
2632,61,179,0,0.0,566.0,2017,2,1,2,0,0,0,2571.0,73,368,253
2632,45,217,427,0.0,549.0,2017,2,2,3,0,0,0,2587.0,66,328,240
2632,104,253,92,0.0,582.0,2017,2,3,4,0,0,0,2528.0,73,46,162
2632,49,202,610,0.0,768.0,2017,2,6,0,0,0,0,2583.0,73,429,150
2632,40,207,565,0.0,554.0,2017,2,7,1,0,0,0,2592.0,73,132,174
2632,52,206,0,0.0,548.0,2017,2,8,2,0,0,0,2580.0,73,240,203
2632,65,227,377,0.0,583.0,2017,2,9,3,0,0,0,2567.0,84,311,183
2632,149,284,59,0.0,505.0,2017,2,10,4,0,0,0,2483.0,73,210,257
2632,61,196,505,0.0,689.0,2017,2,13,0,0,0,0,2571.0,73,45,136
2632,53,223,444,0.0,566.0,2017,2,14,1,0,0,0,2579.0,95,237,86
2632,51,233,0,0.0,505.0,2017,2,15,2,0,0,0,2581.0,73,141,208
2632,56,240,419,0.0,567.0,2017,2,16,3,0,0,0,2576.0,81,406,4
2632,144,269,73,0.0,494.0,2017,2,17,4,0,0,0,2488.0,73,55,269
2632,104,199,494,0.0,648.0,2017,2,20,0,0,0,0,2528.0,73,23,195
2632,63,226,445,0.0,559.0,2017,2,21,1,0,0,0,2569.0,30,290,124
2632,75,252,0,0.0,0.0,2017,2,22,2,0,0,0,2557.0,-1,-1,-1
2632,75,272,307,0.0,534.0,2017,2,23,3,0,0,0,2557.0,103,411,29
2632,174,291,63,0.0,463.0,2017,2,24,4,0,0,0,2458.0,73,13,169
2632,134,181,368,0.0,563.0,2017,2,27,0,0,0,0,2498.0,73,382,295
2632,156,203,179,0.0,536.0,2017,2,28,1,0,1,0,2476.0,13,383,38
2627,190,215,428,0.0,593.0,2017,3,2,3,0,0,1,2437.0,130,259,237
2627,174,256,70,0.0,578.0,2017,3,3,4,0,0,0,2453.0,73,273,279
2627,63,201,490,0.0,658.0,2017,3,6,0,0,0,0,2564.0,73,292,23
2627,41,214,455,0.0,545.0,2017,3,7,1,0,0,0,2586.0,102,295,86
2627,46,233,0,0.0,518.0,2017,3,8,2,0,0,0,2581.0,73,413,253
2627,55,254,346,0.0,519.0,2017,3,9,3,0,0,0,2572.0,15,224,277
2627,145,291,63,0.0,461.0,2017,3,10,4,0,0,0,2482.0,73,373,123
2627,82,211,449,0.0,596.0,2017,3,13,0,0,0,0,2545.0,73,29,235
2627,46,230,437,0.0,533.0,2017,3,14,1,0,0,0,2581.0,116,378,4
2627,40,234,0,0.0,486.0,2017,3,15,2,0,0,0,2587.0,73,153,139
2627,47,259,357,0.0,504.0,2017,3,16,3,0,0,0,2580.0,39,468,24
2627,129,299,59,0.0,429.0,2017,3,17,4,0,0,0,2498.0,73,210,203
2627,86,207,390,0.0,556.0,2017,3,20,0,0,0,0,2541.0,73,91,96
2627,55,222,454,0.0,647.0,2017,3,21,1,0,0,0,2572.0,44,170,122
2627,53,235,0,0.0,0.0,2017,3,22,2,0,0,0,2574.0,-1,-1,-1
2627,62,245,321,0.0,557.0,2017,3,23,3,0,0,0,2565.0,121,43,245
2627,181,279,50,0.0,518.0,2017,3,24,4,0,0,0,2446.0,73,99,201
2627,105,242,360,0.0,501.0,2017,3,27,0,0,0,0,2522.0,73,45,136
2627,44,248,368,0.0,504.0,2017,3,28,1,0,0,0,2583.0,127,230,86
2627,42,237,0,0.0,474.0,2017,3,29,2,0,0,0,2585.0,73,118,222
2627,67,278,223,0.0,497.0,2017,3,30,3,0,0,0,2560.0,111,344,229
2627,147,296,45,0.0,420.0,2017,3,31,4,0,0,0,2480.0,73,146,135
2626,81,198,465,0.0,577.0,2017,4,3,0,0,0,0,2545.0,73,17,269
2626,54,212,418,0.0,535.0,2017,4,4,1,0,0,0,2572.0,103,348,183
2626,63,251,0,0.0,391.0,2017,4,5,2,0,0,0,2563.0,73,361,124
2626,65,271,317,0.0,436.0,2017,4,6,3,0,0,0,2561.0,18,290,232
2626,151,291,67,0.0,431.0,2017,4,7,4,0,0,0,2475.0,73,314,102
2626,81,229,418,0.0,541.0,2017,4,10,0,0,0,0,2545.0,73,400,108
2626,44,234,440,0.0,535.0,2017,4,11,1,0,0,0,2582.0,73,212,261
2626,41,241,0,0.0,384.0,2017,4,12,2,0,0,0,2585.0,73,242,174
2626,61,270,318,0.0,521.0,2017,4,13,3,0,0,0,2565.0,84,308,237
2626,122,298,55,0.0,402.0,2017,4,14,4,0,0,0,2504.0,73,141,257
2626,82,220,434,0.0,479.0,2017,4,17,0,0,0,0,2544.0,73,50,167
2626,57,244,405,0.0,567.0,2017,4,18,1,0,0,0,2569.0,25,408,189
2626,36,256,0,0.0,408.0,2017,4,19,2,0,0,0,2590.0,73,26,55
2626,44,288,284,0.0,511.0,2017,4,20,3,0,0,0,2582.0,81,164,4
2626,137,307,59,0.0,353.0,2017,4,21,4,0,0,0,2489.0,73,127,203
2626,76,260,373,0.0,531.0,2017,4,24,0,0,0,0,2550.0,73,284,208
2626,69,288,336,0.0,510.0,2017,4,25,1,0,0,0,2557.0,39,432,190
2626,45,304,0,0.0,0.0,2017,4,26,2,0,0,0,2581.0,-1,-1,-1
2626,61,311,183,0.0,442.0,2017,4,27,3,0,0,0,2565.0,33,425,191
2626,161,310,44,0.0,362.0,2017,4,28,4,0,0,0,2465.0,73,377,195
2637,933,123,88,0.0,298.0,2017,5,2,1,0,1,1,1704.0,73,132,174
2637,1224,41,45,0.0,262.0,2017,5,4,3,0,1,1,1413.0,76,206,232
2637,715,130,151,0.0,308.0,2017,5,8,0,1,1,0,1922.0,73,83,235
2637,68,223,0,0.0,500.0,2017,5,10,2,0,0,1,2569.0,73,109,201
2637,57,264,471,0.0,501.0,2017,5,11,3,0,0,0,2580.0,51,237,86
2637,113,289,96,0.0,507.0,2017,5,12,4,0,0,0,2524.0,73,150,257
2637,63,224,516,0.0,505.0,2017,5,15,0,0,0,0,2574.0,73,17,55
2637,41,266,486,0.0,533.0,2017,5,16,1,0,0,0,2596.0,22,32,237
2637,46,268,0,0.0,484.0,2017,5,17,2,0,0,0,2591.0,73,28,253
2637,60,287,343,0.0,459.0,2017,5,18,3,0,0,0,2577.0,73,353,205
2637,146,305,81,0.0,414.0,2017,5,19,4,0,0,0,2491.0,73,284,130
2637,63,240,504,0.0,585.0,2017,5,22,0,0,0,0,2574.0,73,417,200
2637,47,257,429,0.0,545.0,2017,5,23,1,0,0,0,2590.0,46,430,245
2637,49,277,0,0.0,387.0,2017,5,24,2,0,0,0,2588.0,73,190,39
2637,57,290,320,0.0,456.0,2017,5,25,3,0,0,0,2580.0,38,295,231
2637,164,302,60,0.0,462.0,2017,5,26,4,0,0,0,2473.0,73,399,70
2637,88,240,394,0.0,555.0,2017,5,29,0,0,0,0,2549.0,73,363,223
2637,57,256,293,0.0,579.0,2017,5,30,1,0,0,0,2580.0,13,383,86
2637,43,265,0,0.0,0.0,2017,5,31,2,0,0,0,2594.0,-1,-1,-1
2648,66,265,317,0.0,505.0,2017,6,1,3,0,0,0,2582.0,93,168,52
2648,165,293,77,0.0,480.0,2017,6,2,4,0,0,0,2483.0,73,437,155
2648,633,150,174,0.0,306.0,2017,6,5,0,1,1,0,2015.0,73,429,5
2648,75,228,0,0.0,549.0,2017,6,7,2,0,0,1,2573.0,73,150,203
2648,63,274,423,0.0,443.0,2017,6,8,3,0,0,0,2585.0,15,328,45
2648,130,294,67,0.0,460.0,2017,6,9,4,0,0,0,2518.0,73,13,168
2648,87,209,529,0.0,552.0,2017,6,12,0,0,0,0,2561.0,73,127,70
2648,47,234,451,0.0,540.0,2017,6,13,1,0,0,0,2601.0,104,43,122
2648,55,253,0,0.0,408.0,2017,6,14,2,0,0,0,2593.0,73,215,187
2648,64,268,318,0.0,443.0,2017,6,15,3,0,0,0,2584.0,46,226,202
2648,164,305,62,0.0,383.0,2017,6,16,4,0,0,0,2484.0,73,288,254
2648,102,226,455,0.0,489.0,2017,6,19,0,0,0,0,2546.0,73,102,6
2648,66,253,429,0.0,508.0,2017,6,20,1,0,0,0,2582.0,111,344,124
2648,60,269,0,0.0,445.0,2017,6,21,2,0,0,0,2588.0,73,55,279
2648,69,273,317,0.0,451.0,2017,6,22,3,0,0,0,2579.0,64,165,183
2648,162,290,57,0.0,441.0,2017,6,23,4,0,0,0,2486.0,73,429,269
2648,112,237,374,0.0,539.0,2017,6,26,0,0,0,0,2536.0,73,430,200
2648,59,256,309,0.0,575.0,2017,6,27,1,0,0,0,2589.0,115,427,236
2648,58,259,0,0.0,0.0,2017,6,28,2,0,0,0,2590.0,-1,-1,-1
2648,66,266,209,0.0,451.0,2017,6,29,3,0,0,0,2582.0,55,358,214
2648,188,296,34,0.0,370.0,2017,6,30,4,0,0,0,2460.0,73,368,257
2839,66,214,414,0.0,501.0,2017,7,3,0,0,0,0,2773.0,73,51,235
2839,50,247,368,0.0,432.0,2017,7,4,1,0,0,0,2789.0,130,99,4
2839,46,260,0,0.0,340.0,2017,7,5,2,0,0,0,2793.0,73,132,60
2839,72,268,341,0.0,501.0,2017,7,6,3,0,0,0,2767.0,13,295,237
2839,146,288,73,0.0,472.0,2017,7,7,4,0,0,0,2693.0,73,449,174
2839,98,215,406,0.0,527.0,2017,7,10,0,0,0,0,2741.0,73,237,6
2839,62,232,380,0.0,444.0,2017,7,11,1,0,0,0,2777.0,81,259,122
2839,69,263,0,0.0,414.0,2017,7,12,2,0,0,0,2770.0,73,190,279
2839,79,277,311,0.0,461.0,2017,7,13,3,0,0,0,2760.0,84,442,24
2839,209,286,57,0.0,485.0,2017,7,14,4,0,0,0,2630.0,73,210,15
2839,132,212,424,0.0,500.0,2017,7,17,0,0,0,0,2707.0,73,277,39
2839,98,239,419,0.0,513.0,2017,7,18,1,0,0,0,2741.0,40,432,52
2839,79,259,0,0.0,457.0,2017,7,19,2,0,0,0,2760.0,73,335,288
2839,90,278,270,0.0,429.0,2017,7,20,3,0,0,0,2749.0,114,455,231
2839,206,301,46,0.0,410.0,2017,7,21,4,0,0,0,2633.0,73,78,235
2839,237,211,401,0.0,486.0,2017,7,24,0,0,0,0,2602.0,73,55,264
2839,214,243,272,0.0,514.0,2017,7,25,1,0,0,0,2625.0,55,231,45
2839,254,246,0,0.0,0.0,2017,7,26,2,0,0,0,2585.0,-1,-1,-1
2839,334,240,221,0.0,486.0,2017,7,27,3,0,0,0,2505.0,38,430,124
2839,419,264,46,0.0,459.0,2017,7,28,4,0,0,0,2420.0,73,266,55
2839,524,156,192,0.0,455.0,2017,7,31,0,0,0,0,2315.0,73,140,186
2645,466,181,320,0.0,509.0,2017,8,1,1,0,0,0,2179.0,15,468,237
2645,454,188,0,0.0,337.0,2017,8,2,2,0,0,0,2191.0,73,429,50
2645,451,207,301,0.0,401.0,2017,8,3,3,0,0,0,2194.0,116,288,4
2645,544,238,55,0.0,354.0,2017,8,4,4,0,0,0,2101.0,73,406,253
2645,428,168,351,0.0,497.0,2017,8,7,0,0,0,0,2217.0,73,153,17
2645,414,207,350,0.0,445.0,2017,8,8,1,0,0,0,2231.0,126,230,4
2645,428,210,0,0.0,372.0,2017,8,9,2,0,0,0,2217.0,73,50,148
2645,438,228,292,0.0,438.0,2017,8,10,3,0,0,0,2207.0,39,411,111
2645,566,240,66,0.0,393.0,2017,8,11,4,0,0,0,2079.0,73,75,208
2645,863,131,114,0.0,275.0,2017,8,14,0,1,1,0,1782.0,73,333,264
2645,403,180,0,0.0,433.0,2017,8,16,2,0,0,1,2242.0,73,150,266
2645,357,221,380,0.0,507.0,2017,8,17,3,0,0,0,2288.0,17,211,193
2645,396,272,61,0.0,484.0,2017,8,18,4,0,0,0,2249.0,73,362,283
2645,74,169,618,0.0,673.0,2017,8,21,0,0,0,0,2571.0,73,324,254
2645,74,213,484,0.0,604.0,2017,8,22,1,0,0,0,2571.0,111,344,232
2645,72,215,0,0.0,537.0,2017,8,23,2,0,0,0,2573.0,73,138,257
2645,78,259,344,0.0,489.0,2017,8,24,3,0,0,0,2567.0,19,426,265
2645,164,310,55,0.0,354.0,2017,8,25,4,0,0,0,2481.0,73,266,15
2645,169,225,337,0.0,514.0,2017,8,28,0,0,0,0,2476.0,73,46,56
2645,121,260,294,0.0,609.0,2017,8,29,1,0,0,0,2524.0,84,76,45
2645,116,270,0,0.0,395.0,2017,8,30,2,0,0,0,2529.0,73,459,136
2645,110,281,189,0.0,487.0,2017,8,31,3,0,0,0,2535.0,73,228,206
2642,177,303,45,0.0,0.0,2017,9,1,4,0,0,0,2465.0,-1,-1,-1
2642,113,243,416,0.0,581.0,2017,9,4,0,0,0,0,2529.0,73,18,267
2642,74,265,390,0.0,518.0,2017,9,5,1,0,0,0,2568.0,33,425,4
2642,69,275,0,0.0,503.0,2017,9,6,2,0,0,0,2573.0,73,132,279
2642,78,279,358,0.0,455.0,2017,9,7,3,0,0,0,2564.0,51,55,86
2642,155,305,66,0.0,494.0,2017,9,8,4,0,0,0,2487.0,73,359,269
2642,101,203,478,0.0,510.0,2017,9,11,0,0,0,0,2541.0,73,376,162
2642,72,242,430,0.0,540.0,2017,9,12,1,0,0,0,2570.0,13,328,237
2642,57,253,0,0.0,476.0,2017,9,13,2,0,0,0,2585.0,73,150,123
2642,68,291,317,0.0,437.0,2017,9,14,3,0,0,0,2574.0,55,42,183
2642,198,290,70,0.0,454.0,2017,9,15,4,0,0,0,2444.0,73,124,70
2642,93,220,501,0.0,552.0,2017,9,18,0,0,0,0,2549.0,73,464,186
2642,49,246,432,0.0,567.0,2017,9,19,1,0,0,0,2593.0,111,351,40
2642,62,279,0,0.0,411.0,2017,9,20,2,0,0,0,2580.0,73,459,21
2642,70,280,334,0.0,546.0,2017,9,21,3,0,0,0,2572.0,112,307,35
2642,174,291,67,0.0,490.0,2017,9,22,4,0,0,0,2468.0,73,72,158
2642,97,258,385,0.0,592.0,2017,9,25,0,0,0,0,2545.0,73,26,138
2642,81,261,342,0.0,573.0,2017,9,26,1,0,0,0,2561.0,103,352,29
2642,70,265,0,0.0,0.0,2017,9,27,2,0,0,0,2572.0,-1,-1,-1
2642,102,263,202,0.0,473.0,2017,9,28,3,0,0,0,2540.0,81,116,90
2642,214,248,22,0.0,0.0,2017,9,29,4,0,0,0,2428.0,-1,-1,-1
2645,105,209,641,0.0,746.0,2017,10,10,1,0,0,1,2540.0,73,132,67
2645,60,250,0,0.0,613.0,2017,10,11,2,0,0,0,2585.0,130,258,237
2645,46,269,1017,0.0,626.0,2017,10,12,3,0,0,0,2599.0,73,276,174
2645,63,268,86,0.0,628.0,2017,10,13,4,0,0,0,2582.0,73,153,191
2645,90,225,464,0.0,497.0,2017,10,16,0,0,0,0,2555.0,73,109,266
2645,56,258,453,0.0,555.0,2017,10,17,1,0,0,0,2589.0,40,168,52
2645,45,270,0,0.0,490.0,2017,10,18,2,0,0,0,2600.0,73,273,195
2645,67,282,341,0.0,514.0,2017,10,19,3,0,0,0,2578.0,56,295,231
2645,190,301,53,0.0,416.0,2017,10,20,4,0,0,0,2455.0,73,413,70
2645,116,250,435,0.0,538.0,2017,10,23,0,0,0,0,2529.0,73,99,170
2645,65,258,400,0.0,439.0,2017,10,24,1,0,0,0,2580.0,49,164,13
2645,75,289,0,0.0,0.0,2017,10,25,2,0,0,0,2570.0,-1,-1,-1
2645,101,302,251,0.0,405.0,2017,10,26,3,0,0,0,2544.0,39,279,22
2645,210,309,57,0.0,327.0,2017,10,27,4,0,0,0,2435.0,73,17,269
2645,124,250,374,0.0,589.0,2017,10,30,0,0,0,0,2521.0,73,78,64
2645,63,290,238,0.0,503.0,2017,10,31,1,0,0,0,2582.0,81,449,4
2644,63,279,0,0.0,424.0,2017,11,1,2,0,0,0,2581.0,73,75,174
2644,53,304,333,0.0,469.0,2017,11,2,3,0,0,0,2591.0,121,391,224
2644,173,304,58,0.0,406.0,2017,11,3,4,0,0,0,2471.0,73,215,55
2644,93,244,452,0.0,451.0,2017,11,6,0,0,0,0,2551.0,73,277,191
2644,75,268,462,0.0,522.0,2017,11,7,1,0,0,0,2569.0,84,35,237
2644,60,276,0,0.0,397.0,2017,11,8,2,0,0,0,2584.0,73,459,169
2644,90,287,347,0.0,414.0,2017,11,9,3,0,0,0,2554.0,27,145,231
2644,184,292,56,0.0,397.0,2017,11,10,4,0,0,0,2460.0,73,363,162
2644,107,240,525,0.0,547.0,2017,11,13,0,0,0,0,2537.0,73,469,201
2644,78,269,388,0.0,515.0,2017,11,14,1,0,0,0,2566.0,46,381,12
2644,87,276,0,0.0,363.0,2017,11,15,2,0,0,0,2557.0,73,449,146
2644,129,283,347,0.0,437.0,2017,11,16,3,0,0,0,2515.0,73,71,170
2644,213,311,58,0.0,332.0,2017,11,17,4,0,0,0,2431.0,73,376,272
2644,107,237,517,0.0,569.0,2017,11,20,0,0,0,0,2537.0,73,148,187
2644,77,256,435,0.0,486.0,2017,11,21,1,0,0,0,2567.0,33,295,183
2644,64,277,0,0.0,424.0,2017,11,22,2,0,0,0,2580.0,73,288,130
2644,122,288,305,0.0,433.0,2017,11,23,3,0,0,0,2522.0,22,407,29
2644,210,303,63,0.0,378.0,2017,11,24,4,0,0,0,2434.0,73,258,235
2644,132,262,402,0.0,483.0,2017,11,27,0,0,0,0,2512.0,73,98,168
2644,112,265,347,0.0,517.0,2017,11,28,1,0,0,0,2532.0,103,38,245
2644,78,261,0,0.0,0.0,2017,11,29,2,0,0,0,2566.0,-1,-1,-1
2644,97,267,256,0.0,511.0,2017,11,30,3,0,0,0,2547.0,40,462,83
2665,243,268,136,0.0,381.0,2017,12,1,4,0,0,0,2422.0,73,297,203
2665,117,206,868,0.0,625.0,2017,12,4,0,0,0,0,2548.0,73,359,30
2665,60,225,871,0.0,571.0,2017,12,5,1,0,0,0,2605.0,104,165,122
2665,78,254,0,0.0,414.0,2017,12,6,2,0,0,0,2587.0,73,81,169
2665,98,270,608,0.0,509.0,2017,12,7,3,0,0,0,2567.0,13,426,237
2665,169,304,141,0.0,407.0,2017,12,8,4,0,0,0,2496.0,73,72,158
2665,93,219,748,0.0,536.0,2017,12,11,0,0,0,0,2572.0,73,288,129
2665,73,237,604,0.0,641.0,2017,12,12,1,0,0,0,2592.0,17,211,193
2665,67,246,0,0.0,430.0,2017,12,13,2,0,0,0,2598.0,73,98,156
2665,105,266,309,0.0,405.0,2017,12,14,3,0,0,0,2560.0,39,279,40
2665,208,288,48,0.0,426.0,2017,12,15,4,0,0,0,2457.0,73,153,213
2665,140,230,156,0.0,418.0,2017,12,18,0,0,0,0,2525.0,73,17,64
2665,109,269,146,0.0,345.0,2017,12,19,1,0,0,0,2556.0,50,109,86
2665,108,262,0,0.0,396.0,2017,12,20,2,0,0,0,2557.0,73,55,17
2665,127,262,102,0.0,380.0,2017,12,21,3,0,0,0,2538.0,88,391,128
2665,239,270,34,0.0,482.0,2017,12,22,4,0,0,0,2426.0,73,362,297
2665,267,227,62,0.0,176.0,2017,12,26,1,0,0,1,2398.0,73,128,257
2665,169,255,0,0.0,0.0,2017,12,27,2,0,0,0,2496.0,-1,-1,-1
2665,240,260,55,0.0,245.0,2017,12,28,3,0,0,0,2425.0,73,424,207
2665,489,242,5,0.0,209.0,2017,12,29,4,0,0,0,2176.0,73,365,235
2655,73,102,301,0.0,432.0,2018,1,2,1,0,0,1,2582.0,73,360,58
2655,60,207,0,0.0,441.0,2018,1,3,2,0,0,0,2595.0,73,237,294
2655,67,226,326,0.0,435.0,2018,1,4,3,0,0,0,2588.0,30,259,193
2655,152,246,58,0.0,509.0,2018,1,5,4,0,0,0,2503.0,73,311,201
2655,100,194,377,0.0,554.0,2018,1,8,0,0,0,0,2555.0,73,153,48
2655,70,215,298,0.0,349.0,2018,1,9,1,0,0,0,2585.0,40,432,210
2655,58,210,0,0.0,423.0,2018,1,10,2,0,0,0,2597.0,73,376,168
2655,73,238,337,0.0,430.0,2018,1,11,3,0,0,0,2582.0,73,246,146
2655,163,266,59,0.0,398.0,2018,1,12,4,0,0,0,2492.0,73,467,180
2655,112,192,443,0.0,480.0,2018,1,15,0,0,0,0,2543.0,73,66,96
2655,73,216,405,0.0,523.0,2018,1,16,1,0,0,0,2582.0,19,64,183
2655,70,223,0,0.0,466.0,2018,1,17,2,0,0,0,2585.0,73,240,266
2655,98,233,325,0.0,472.0,2018,1,18,3,0,0,0,2557.0,81,127,277
2655,224,275,77,0.0,419.0,2018,1,19,4,0,0,0,2431.0,73,98,174
2655,103,211,371,0.0,492.0,2018,1,22,0,0,0,0,2552.0,73,26,64
2655,66,230,297,0.0,488.0,2018,1,23,1,0,0,0,2589.0,13,455,231
2655,51,224,0,0.0,274.0,2018,1,24,2,0,0,0,2604.0,73,324,17
2655,57,225,261,0.0,513.0,2018,1,25,3,0,0,0,2598.0,76,295,245
2655,166,262,43,0.0,418.0,2018,1,26,4,0,0,0,2489.0,73,215,169
2655,70,192,454,0.0,689.0,2018,1,29,0,0,0,0,2585.0,73,171,257
2655,60,216,433,0.0,689.0,2018,1,30,1,0,0,0,2595.0,84,320,157
2655,56,223,0,0.0,0.0,2018,1,31,2,0,0,0,2599.0,-1,-1,-1
2707,73,254,401,0.0,620.0,2018,2,1,3,0,0,0,2634.0,130,116,237
2707,153,278,88,0.0,503.0,2018,2,2,4,0,0,0,2554.0,73,376,187
2707,76,213,560,0.0,673.0,2018,2,5,0,0,0,0,2631.0,73,83,254
2707,50,235,491,0.0,601.0,2018,2,6,1,0,0,0,2657.0,28,328,277
2707,59,253,0,0.0,540.0,2018,2,7,2,0,0,0,2648.0,73,176,179
2707,71,273,378,0.0,543.0,2018,2,8,3,0,0,0,2636.0,73,353,207
2707,149,296,86,0.0,518.0,2018,2,9,4,0,0,0,2558.0,73,359,5
2707,103,244,476,0.0,541.0,2018,2,12,0,0,0,0,2604.0,73,17,235
2707,106,235,371,0.0,552.0,2018,2,13,1,0,0,0,2601.0,44,170,52
2707,418,159,0,0.0,0.0,2018,2,14,2,0,1,0,2289.0,-1,-1,-1
2707,255,171,604,0.0,657.0,2018,2,19,0,0,0,0,2452.0,73,189,269
2707,82,231,521,0.0,609.0,2018,2,20,1,0,0,0,2625.0,126,109,4
2707,74,243,0,0.0,522.0,2018,2,21,2,0,0,0,2633.0,73,49,223
2707,82,277,400,0.0,578.0,2018,2,22,3,0,0,0,2625.0,48,352,29
2707,161,304,69,0.0,522.0,2018,2,23,4,0,0,0,2546.0,73,141,58
2707,105,231,491,0.0,585.0,2018,2,26,0,0,0,0,2602.0,73,103,168
2707,81,263,332,0.0,438.0,2018,2,27,1,0,0,0,2626.0,98,336,12
2707,134,278,0,0.0,0.0,2018,2,28,2,0,1,0,2573.0,-1,-1,-1
2714,840,206,57,0.0,349.0,2018,3,2,4,1,0,1,1874.0,73,132,267
2714,92,211,593,0.0,687.0,2018,3,5,0,0,0,0,2622.0,73,130,266
2714,54,242,547,0.0,671.0,2018,3,6,1,0,0,0,2660.0,13,453,237
2714,41,238,0,0.0,600.0,2018,3,7,2,0,0,0,2673.0,73,240,70
2714,38,268,406,0.0,553.0,2018,3,8,3,0,0,0,2676.0,56,295,231
2714,123,294,77,0.0,580.0,2018,3,9,4,0,0,0,2591.0,73,72,158
2714,69,217,591,0.0,663.0,2018,3,12,0,0,0,0,2645.0,73,26,55
2714,39,249,556,0.0,639.0,2018,3,13,1,0,0,0,2675.0,17,290,193
2714,56,245,0,0.0,464.0,2018,3,14,2,0,0,0,2658.0,73,361,269
2714,47,270,359,0.0,489.0,2018,3,15,3,0,0,0,2667.0,88,237,128
2714,135,302,75,0.0,487.0,2018,3,16,4,0,0,0,2579.0,73,98,266
2714,80,224,503,0.0,559.0,2018,3,19,0,0,0,0,2634.0,73,45,136
2714,46,246,445,0.0,571.0,2018,3,20,1,0,0,0,2668.0,81,192,4
2714,45,263,0,0.0,482.0,2018,3,21,2,0,0,0,2669.0,73,141,201
2714,56,290,327,0.0,492.0,2018,3,22,3,0,0,0,2658.0,55,358,183
2714,174,307,51,0.0,454.0,2018,3,23,4,0,0,0,2540.0,73,258,133
2714,125,226,448,0.0,604.0,2018,3,26,0,0,0,0,2589.0,73,276,295
2714,52,258,408,0.0,599.0,2018,3,27,1,0,0,0,2662.0,13,465,40
2714,45,252,0,0.0,0.0,2018,3,28,2,0,0,0,2669.0,-1,-1,-1
2714,51,273,302,0.0,523.0,2018,3,29,3,0,0,0,2663.0,104,225,122
2714,196,296,43,0.0,466.0,2018,3,30,4,0,0,0,2518.0,73,150,180
2714,83,224,481,0.0,586.0,2018,4,2,0,0,0,0,2631.0,73,83,235
2714,56,266,438,0.0,486.0,2018,4,3,1,0,0,0,2658.0,39,468,237
2714,64,267,0,0.0,519.0,2018,4,4,2,0,0,0,2650.0,73,148,179
2714,69,285,378,0.0,569.0,2018,4,5,3,0,0,0,2645.0,47,412,35
2714,220,295,49,0.0,394.0,2018,4,6,4,0,0,0,2494.0,73,147,169
2714,118,221,523,0.0,588.0,2018,4,9,0,0,0,0,2596.0,73,66,160
2714,66,256,420,0.0,522.0,2018,4,10,1,0,0,0,2648.0,44,391,157
2714,23,239,0,0.0,540.0,2018,4,11,2,0,0,0,2691.0,73,167,39
2714,40,268,384,0.0,535.0,2018,4,12,3,0,0,0,2674.0,130,99,62
2714,164,292,45,0.0,444.0,2018,4,13,4,0,0,0,2550.0,73,221,191
2714,84,234,484,0.0,599.0,2018,4,16,0,0,0,0,2630.0,73,359,253
2714,39,261,413,0.0,537.0,2018,4,17,1,0,0,0,2675.0,111,344,24
2714,49,268,0,0.0,456.0,2018,4,18,2,0,0,0,2665.0,73,285,269
2714,98,288,285,0.0,499.0,2018,4,19,3,0,0,0,2616.0,103,212,82
2714,194,303,42,0.0,409.0,2018,4,20,4,0,0,0,2520.0,73,98,162
2714,89,235,440,0.0,569.0,2018,4,23,0,0,0,0,2625.0,73,150,257
2714,60,274,360,0.0,587.0,2018,4,24,1,0,0,0,2654.0,125,211,183
2714,66,285,0,0.0,0.0,2018,4,25,2,0,0,0,2648.0,-1,-1,-1
2714,69,293,266,0.0,483.0,2018,4,26,3,0,0,0,2645.0,84,441,224
2714,205,304,40,0.0,380.0,2018,4,27,4,0,0,0,2509.0,73,377,169
2714,646,180,107,0.0,317.0,2018,4,30,0,1,1,0,2068.0,73,452,235
2721,110,247,0,0.0,535.0,2018,5,2,2,0,0,1,2611.0,73,274,213
2721,102,296,332,0.0,436.0,2018,5,3,3,0,0,0,2619.0,13,453,237
2721,241,284,57,0.0,440.0,2018,5,4,4,0,1,0,2480.0,73,288,6
2721,133,231,590,0.0,625.0,2018,5,8,1,0,0,1,2588.0,73,248,153
2721,86,269,0,0.0,413.0,2018,5,9,2,0,0,0,2635.0,73,335,58
2721,80,291,369,0.0,441.0,2018,5,10,3,0,0,0,2641.0,50,237,86
2721,183,296,48,0.0,445.0,2018,5,11,4,0,0,0,2538.0,73,359,39
2721,100,229,490,0.0,536.0,2018,5,14,0,0,0,0,2621.0,73,55,55
2721,64,272,457,0.0,620.0,2018,5,15,1,0,0,0,2657.0,81,266,4
2721,58,264,0,0.0,472.0,2018,5,16,2,0,0,0,2663.0,73,26,15
2721,71,278,343,0.0,473.0,2018,5,17,3,0,0,0,2650.0,39,76,22
2721,145,302,29,0.0,399.0,2018,5,18,4,0,0,0,2576.0,73,208,201
2721,861,144,139,0.0,234.0,2018,5,21,0,1,1,0,1860.0,73,195,267
2721,89,246,0,0.0,477.0,2018,5,23,2,0,0,1,2632.0,73,143,279
2721,64,281,379,0.0,494.0,2018,5,24,3,0,0,0,2657.0,119,443,219
2721,136,293,70,0.0,432.0,2018,5,25,4,0,0,0,2585.0,73,100,167
2721,92,221,495,0.0,594.0,2018,5,28,0,0,0,0,2629.0,73,284,15
2721,73,258,422,0.0,552.0,2018,5,29,1,0,0,0,2648.0,46,75,245
2721,80,281,0,0.0,0.0,2018,5,30,2,0,0,0,2641.0,-1,-1,-1
2721,90,283,242,0.0,525.0,2018,5,31,3,0,0,0,2631.0,111,351,224
2728,180,291,55,0.0,395.0,2018,6,1,4,0,0,0,2548.0,73,167,269
2728,158,215,519,0.0,564.0,2018,6,4,0,0,0,0,2570.0,73,13,169
2728,163,233,253,0.0,526.0,2018,6,5,1,0,1,0,2565.0,103,256,237
2728,187,265,379,0.0,475.0,2018,6,7,3,0,0,1,2541.0,73,141,244
2728,252,288,65,0.0,458.0,2018,6,8,4,0,0,0,2476.0,73,109,195
2728,153,195,490,0.0,557.0,2018,6,11,0,0,0,0,2575.0,73,105,108
2728,156,234,249,0.0,441.0,2018,6,12,1,0,1,0,2572.0,73,335,15
2728,190,260,381,0.0,464.0,2018,6,14,3,0,0,1,2538.0,56,191,231
2728,234,295,44,0.0,442.0,2018,6,15,4,0,0,0,2494.0,73,132,191
2728,87,229,335,0.0,485.0,2018,6,18,0,0,0,0,2641.0,73,464,266
2728,68,247,415,0.0,537.0,2018,6,19,1,0,0,0,2660.0,38,279,86
2728,73,257,0,0.0,448.0,2018,6,20,2,0,0,0,2655.0,73,359,70
2728,72,282,329,0.0,550.0,2018,6,21,3,0,0,0,2656.0,13,164,237
2728,178,305,50,0.0,448.0,2018,6,22,4,0,0,0,2550.0,-1,-1,-1
2728,104,240,424,0.0,537.0,2018,6,25,0,0,0,0,2624.0,73,240,180
2728,71,243,384,0.0,583.0,2018,6,26,1,0,0,0,2657.0,84,310,265
2728,66,277,0,0.0,0.0,2018,6,27,2,0,0,0,2662.0,-1,-1,-1
2728,83,286,234,0.0,449.0,2018,6,28,3,0,0,0,2645.0,73,92,205
2728,210,299,12,0.0,371.0,2018,6,29,4,0,0,0,2518.0,73,275,139
2704,96,209,130,0.0,609.0,2018,7,2,0,0,0,0,2608.0,73,24,217
2704,71,220,232,0.0,528.0,2018,7,3,1,0,0,0,2633.0,130,127,4
2704,94,237,0,0.0,488.0,2018,7,4,2,0,0,0,2610.0,73,378,75
2704,93,270,234,0.0,509.0,2018,7,5,3,0,0,0,2611.0,39,226,202
2704,194,289,36,0.0,389.0,2018,7,6,4,0,0,0,2510.0,73,17,130
2704,139,228,300,0.0,519.0,2018,7,9,0,0,0,0,2565.0,73,26,55
2704,96,251,292,0.0,524.0,2018,7,10,1,0,0,0,2608.0,51,237,86
2704,95,255,1,0.0,435.0,2018,7,11,2,0,0,0,2609.0,73,421,108
2704,102,270,244,0.0,487.0,2018,7,12,3,0,0,0,2602.0,55,34,45
2704,200,302,29,0.0,394.0,2018,7,13,4,0,0,0,2504.0,73,452,178
2704,150,199,318,0.0,529.0,2018,7,16,0,0,0,0,2554.0,73,83,64
2704,111,256,307,0.0,451.0,2018,7,17,1,0,0,0,2593.0,126,170,3
2704,108,254,0,0.0,407.0,2018,7,18,2,0,0,0,2596.0,73,345,163
2704,113,285,265,0.0,554.0,2018,7,19,3,0,0,0,2591.0,13,164,24
2704,273,291,49,0.0,394.0,2018,7,20,4,0,0,0,2431.0,73,124,39
2704,224,223,341,0.0,515.0,2018,7,23,0,0,0,0,2480.0,73,360,97
2704,201,232,392,0.0,526.0,2018,7,24,1,0,0,0,2503.0,17,427,231
2704,226,256,1,0.0,0.0,2018,7,25,2,0,0,0,2478.0,-1,-1,-1
2704,272,265,299,0.0,484.0,2018,7,26,3,0,0,0,2432.0,39,441,224
2704,403,271,59,0.0,388.0,2018,7,27,4,0,0,0,2301.0,73,288,253
2704,487,193,401,0.0,436.0,2018,7,30,0,0,0,0,2217.0,73,368,290
2704,433,228,287,0.0,494.0,2018,7,31,1,0,0,0,2271.0,15,411,38
2996,489,209,0,0.0,395.0,2018,8,1,2,0,0,0,2507.0,73,80,167
2996,548,229,209,0.0,425.0,2018,8,2,3,0,0,0,2448.0,77,468,237
2996,665,242,34,0.0,367.0,2018,8,3,4,0,0,0,2331.0,73,335,264
2996,504,158,333,0.0,522.0,2018,8,6,0,0,0,0,2492.0,73,105,191
2996,469,206,366,0.0,534.0,2018,8,7,1,0,0,0,2527.0,40,266,116
2996,470,235,0,0.0,421.0,2018,8,8,2,0,0,0,2526.0,73,55,235
2996,491,227,271,0.0,509.0,2018,8,9,3,0,0,0,2505.0,73,212,206
2996,562,254,30,0.0,467.0,2018,8,10,4,0,0,0,2434.0,73,121,180
2996,575,184,297,0.0,465.0,2018,8,13,0,0,0,0,2421.0,73,101,266
2996,551,217,153,0.0,393.0,2018,8,14,1,0,1,0,2445.0,9,464,86
2996,481,228,228,0.0,488.0,2018,8,16,3,0,0,1,2515.0,111,351,265
2996,530,245,30,0.0,482.0,2018,8,17,4,0,0,0,2466.0,73,155,136
2996,204,206,475,0.0,563.0,2018,8,20,0,0,0,0,2792.0,73,176,287
2996,168,237,355,0.0,629.0,2018,8,21,1,0,0,0,2828.0,122,443,3
2996,147,238,0,0.0,536.0,2018,8,22,2,0,0,0,2849.0,73,329,180
2996,132,263,289,0.0,577.0,2018,8,23,3,0,0,0,2864.0,39,259,40
2996,219,284,46,0.0,529.0,2018,8,24,4,0,0,0,2777.0,73,345,191
2996,138,226,492,0.0,560.0,2018,8,27,0,0,0,0,2858.0,73,417,253
2996,104,243,376,0.0,593.0,2018,8,28,1,0,0,0,2892.0,50,75,86
2996,103,258,0,0.0,0.0,2018,8,29,2,0,0,0,2893.0,-1,-1,-1
2996,106,264,304,0.0,556.0,2018,8,30,3,0,0,0,2890.0,81,196,124
2996,216,289,70,0.0,424.0,2018,8,31,4,0,0,0,2780.0,73,362,295
2763,122,233,393,0.0,577.0,2018,9,3,0,0,0,0,2641.0,73,360,64
2763,91,262,404,0.0,604.0,2018,9,4,1,0,0,0,2672.0,33,425,4
2763,93,269,0,0.0,425.0,2018,9,5,2,0,0,0,2670.0,73,45,235
2763,106,283,280,0.0,538.0,2018,9,6,3,0,0,0,2657.0,22,127,237
2763,164,303,56,0.0,467.0,2018,9,7,4,0,0,0,2599.0,73,263,269
2763,99,243,343,0.0,535.0,2018,9,10,0,0,0,0,2664.0,73,18,257
2763,67,272,370,0.0,570.0,2018,9,11,1,0,0,0,2696.0,13,164,24
2763,73,300,0,0.0,435.0,2018,9,12,2,0,0,0,2690.0,73,359,99
2763,67,306,297,0.0,571.0,2018,9,13,3,0,0,0,2696.0,73,300,270
2763,174,313,132,0.0,375.0,2018,9,14,4,0,0,0,2589.0,73,452,62
2763,91,252,465,0.0,522.0,2018,9,17,0,0,0,0,2672.0,73,345,76
2763,67,289,446,0.0,597.0,2018,9,18,1,0,0,0,2696.0,84,310,224
2763,77,288,0,0.0,0.0,2018,9,19,2,0,0,0,2686.0,-1,-1,-1
2763,93,277,385,0.0,468.0,2018,9,20,3,0,0,0,2670.0,18,449,232
2763,260,241,51,0.0,247.0,2018,9,21,4,0,0,0,2503.0,73,208,179
2805,424,233,216,0.0,442.0,2018,10,8,0,1,1,0,2381.0,73,324,254
2805,80,232,1044,0.0,751.0,2018,10,10,2,0,0,1,2725.0,73,13,169
2805,67,240,430,0.0,743.0,2018,10,11,3,0,0,0,2738.0,19,426,224
2805,192,288,28,0.0,467.0,2018,10,12,4,0,0,0,2613.0,73,368,290
2805,101,243,268,0.0,533.0,2018,10,15,0,0,0,0,2704.0,73,288,67
2805,63,273,315,0.0,570.0,2018,10,16,1,0,0,0,2742.0,126,109,4
2805,68,294,0,0.0,422.0,2018,10,17,2,0,0,0,2737.0,73,78,252
2805,74,299,175,0.0,532.0,2018,10,18,3,0,0,0,2731.0,84,430,245
2805,207,303,40,0.0,430.0,2018,10,19,4,0,0,0,2598.0,73,171,56
2805,141,236,290,0.0,498.0,2018,10,22,0,0,0,0,2664.0,73,417,217
2805,73,277,243,0.0,446.0,2018,10,23,1,0,0,0,2732.0,50,429,86
2805,82,299,1,0.0,464.0,2018,10,24,2,0,0,0,2723.0,73,335,60
2805,110,315,158,0.0,469.0,2018,10,25,3,0,0,0,2695.0,77,75,29
2805,263,308,25,0.0,370.0,2018,10,26,4,0,0,0,2542.0,73,17,235
2805,155,250,316,0.0,596.0,2018,10,29,0,0,0,0,2650.0,73,382,279
2805,89,300,206,0.0,449.0,2018,10,30,1,0,0,0,2716.0,73,26,136
2805,111,306,0,0.0,0.0,2018,10,31,2,0,0,0,2694.0,-1,-1,-1
2815,89,299,172,0.0,483.0,2018,11,1,3,0,0,0,2726.0,40,168,4
2815,211,299,43,0.0,434.0,2018,11,2,4,0,0,0,2604.0,73,452,174
2815,104,248,391,0.0,542.0,2018,11,5,0,0,0,0,2711.0,73,126,6
2815,69,269,393,0.0,540.0,2018,11,6,1,0,0,0,2746.0,104,290,122
2815,68,299,0,0.0,379.0,2018,11,7,2,0,0,0,2747.0,73,459,70
2815,72,285,305,0.0,443.0,2018,11,8,3,0,0,0,2743.0,73,449,146
2815,185,302,38,0.0,454.0,2018,11,9,4,0,0,0,2630.0,73,288,269
2815,123,228,401,0.0,574.0,2018,11,12,0,0,0,0,2692.0,73,359,253
2815,91,280,328,0.0,468.0,2018,11,13,1,0,0,0,2724.0,121,38,118
2815,89,263,0,0.0,391.0,2018,11,14,2,0,0,0,2726.0,73,178,179
2815,147,282,291,0.0,540.0,2018,11,15,3,0,0,0,2668.0,50,109,231
2815,251,295,59,0.0,435.0,2018,11,16,4,0,0,0,2564.0,73,215,264
2815,118,230,416,0.0,442.0,2018,11,19,0,0,0,0,2697.0,73,415,55
2815,70,278,344,0.0,485.0,2018,11,20,1,0,0,0,2745.0,18,427,4
2815,81,290,0,0.0,411.0,2018,11,21,2,0,0,0,2734.0,73,240,203
2815,80,287,325,0.0,436.0,2018,11,22,3,0,0,0,2735.0,39,332,281
2815,222,305,57,0.0,363.0,2018,11,23,4,0,0,0,2593.0,73,141,15
2815,107,215,447,0.0,476.0,2018,11,26,0,0,0,0,2708.0,73,66,136
2815,60,264,418,0.0,529.0,2018,11,27,1,0,0,0,2755.0,103,127,237
2815,69,298,1,0.0,0.0,2018,11,28,2,0,0,0,2746.0,-1,-1,-1
2815,86,293,354,0.0,454.0,2018,11,29,3,0,0,0,2729.0,73,210,201
2815,196,314,60,0.0,362.0,2018,11,30,4,0,0,0,2619.0,73,75,191
2846,80,187,798,0.0,544.0,2018,12,3,0,0,0,0,2766.0,73,126,70
2846,64,246,802,0.0,617.0,2018,12,4,1,0,0,0,2782.0,119,67,210
2846,87,254,0,0.0,414.0,2018,12,5,2,0,0,0,2759.0,73,242,235
2846,90,266,589,0.0,515.0,2018,12,6,3,0,0,0,2756.0,55,358,183
2846,182,300,83,0.0,353.0,2018,12,7,4,0,0,0,2664.0,73,345,169
2846,98,204,863,0.0,597.0,2018,12,10,0,0,0,0,2748.0,73,215,174
2846,69,250,716,0.0,569.0,2018,12,11,1,0,0,0,2777.0,62,164,224
2846,75,262,0,0.0,354.0,2018,12,12,2,0,0,0,2771.0,73,330,208
2846,65,253,652,0.0,475.0,2018,12,13,3,0,0,0,2781.0,97,237,12
2846,160,277,113,0.0,411.0,2018,12,14,4,0,0,0,2686.0,73,324,30
2846,90,201,602,0.0,421.0,2018,12,17,0,0,0,0,2756.0,73,378,70
2846,87,243,525,0.0,432.0,2018,12,18,1,0,0,0,2759.0,111,351,24
2846,86,256,0,0.0,390.0,2018,12,19,2,0,0,0,2760.0,73,45,269
2846,106,242,235,0.0,373.0,2018,12,20,3,0,0,0,2740.0,73,424,206
2846,175,261,163,0.0,456.0,2018,12,21,4,0,0,0,2671.0,73,266,168
2846,894,159,26,0.0,104.0,2018,12,24,0,1,1,0,1952.0,73,98,125
2846,184,241,0,0.0,0.0,2018,12,26,2,0,0,1,2662.0,-1,-1,-1
2846,182,253,132,0.0,251.0,2018,12,27,3,0,0,0,2664.0,15,75,245
2846,315,264,18,0.0,406.0,2018,12,28,4,0,0,0,2531.0,73,417,235
2846,1085,132,28,0.0,135.0,2018,12,31,0,1,1,0,1761.0,73,470,78
2985,108,129,0,0.0,407.0,2019,1,2,2,0,0,1,2877.0,73,172,136
2985,120,207,444,0.0,494.0,2019,1,3,3,0,0,0,2865.0,59,76,224
2985,218,234,65,0.0,482.0,2019,1,4,4,0,0,0,2767.0,73,213,139
2985,113,211,439,0.0,407.0,2019,1,7,0,0,0,0,2872.0,73,178,123
2985,98,223,444,0.0,417.0,2019,1,8,1,0,0,0,2887.0,39,359,237
2985,85,225,0,0.0,335.0,2019,1,9,2,0,0,0,2900.0,73,345,56
2985,94,243,363,0.0,475.0,2019,1,10,3,0,0,0,2891.0,33,425,3
2985,177,251,1,0.0,430.0,2019,1,11,4,0,0,0,2808.0,73,101,283
2985,99,186,487,0.0,573.0,2019,1,14,0,0,0,0,2886.0,73,66,30
2985,71,223,417,0.0,569.0,2019,1,15,1,0,0,0,2914.0,40,170,274
2985,80,228,0,0.0,356.0,2019,1,16,2,0,0,0,2905.0,73,141,70
2985,71,247,326,0.0,515.0,2019,1,17,3,0,0,0,2914.0,81,196,124
2985,196,276,1,0.0,386.0,2019,1,18,4,0,0,0,2789.0,73,459,55
2985,114,199,468,0.0,579.0,2019,1,21,0,0,0,0,2871.0,73,378,253
2985,73,230,436,0.0,564.0,2019,1,22,1,0,0,0,2912.0,104,165,122
2985,86,224,0,0.0,392.0,2019,1,23,2,0,0,0,2899.0,73,127,186
2985,91,241,401,0.0,520.0,2019,1,24,3,0,0,0,2894.0,19,64,183
2985,186,267,1,0.0,431.0,2019,1,25,4,0,0,0,2799.0,73,98,269
2985,94,203,426,0.0,511.0,2019,1,28,0,0,0,0,2891.0,73,329,130
2985,61,219,385,0.0,278.0,2019,1,29,1,0,0,0,2924.0,13,310,40
2985,66,226,1,0.0,0.0,2019,1,30,2,0,0,0,2919.0,-1,-1,-1
2985,96,218,325,0.0,524.0,2019,1,31,3,0,0,0,2889.0,73,353,207
2806,283,180,2,0.0,171.0,2019,2,1,4,0,0,0,2523.0,73,273,254
2806,392,101,447,0.0,553.0,2019,2,7,3,0,0,1,2414.0,73,330,201
2806,373,190,3,0.0,532.0,2019,2,8,4,0,0,0,2433.0,73,452,165
2806,67,159,758,0.0,772.0,2019,2,11,0,0,0,0,2739.0,73,105,70
2806,51,240,648,0.0,649.0,2019,2,12,1,0,0,0,2755.0,50,237,4
2806,61,231,0,0.0,497.0,2019,2,13,2,0,0,0,2745.0,73,125,17
2806,73,239,605,0.0,578.0,2019,2,14,3,0,0,0,2733.0,103,411,224
2806,159,278,1,0.0,450.0,2019,2,15,4,0,0,0,2647.0,73,429,235
2806,104,195,728,0.0,678.0,2019,2,18,0,0,0,0,2702.0,73,132,194
2806,62,228,663,0.0,653.0,2019,2,19,1,0,0,0,2744.0,18,427,4
2806,65,241,0,0.0,472.0,2019,2,20,2,0,0,0,2741.0,73,18,96
2806,81,269,540,0.0,620.0,2019,2,21,3,0,0,0,2725.0,40,263,117
2806,178,301,1,0.0,478.0,2019,2,22,4,0,0,0,2628.0,73,98,208
2806,122,214,752,0.0,645.0,2019,2,25,0,0,0,0,2684.0,73,171,266
2806,109,239,644,0.0,566.0,2019,2,26,1,0,0,0,2697.0,84,75,245
2806,100,274,0,0.0,0.0,2019,2,27,2,0,0,0,2706.0,-1,-1,-1
2806,254,271,116,0.0,464.0,2019,2,28,3,0,1,0,2552.0,73,378,162
2836,213,172,708,0.0,658.0,2019,3,4,0,0,0,0,2623.0,73,277,26
2836,67,230,736,0.0,646.0,2019,3,5,1,0,0,0,2769.0,13,164,116
2836,56,238,0,0.0,443.0,2019,3,6,2,0,0,0,2780.0,73,345,169
2836,45,265,589,0.0,637.0,2019,3,7,3,0,0,0,2791.0,46,168,52
2836,130,300,4,0.0,542.0,2019,3,8,4,0,0,0,2706.0,73,293,178
2836,81,205,690,0.0,707.0,2019,3,11,0,0,0,0,2755.0,73,362,70
2836,59,244,642,0.0,653.0,2019,3,12,1,0,0,0,2777.0,81,196,122
2836,61,244,0,0.0,442.0,2019,3,13,2,0,0,0,2775.0,73,316,170
2836,62,286,417,0.0,530.0,2019,3,14,3,0,0,0,2774.0,72,162,190
2836,174,304,4,0.0,466.0,2019,3,15,4,0,0,0,2662.0,73,167,53
2836,107,217,607,0.0,619.0,2019,3,18,0,0,0,0,2729.0,73,98,130
2836,72,248,553,0.0,627.0,2019,3,19,1,0,0,0,2764.0,22,450,29
2836,77,261,0,0.0,412.0,2019,3,20,2,0,0,0,2759.0,73,45,55
2836,81,260,457,0.0,470.0,2019,3,21,3,0,0,0,2755.0,55,295,183
2836,168,295,3,0.0,466.0,2019,3,22,4,0,0,0,2668.0,73,335,254
2836,111,232,585,0.0,555.0,2019,3,25,0,0,0,0,2725.0,73,240,180
2836,83,252,525,0.0,541.0,2019,3,26,1,0,0,0,2753.0,90,24,86
2836,92,259,0,0.0,0.0,2019,3,27,2,0,0,0,2744.0,-1,-1,-1
2836,84,282,522,0.0,597.0,2019,3,28,3,0,0,0,2752.0,111,351,224
2836,239,301,1,0.0,402.0,2019,3,29,4,0,0,0,2597.0,73,75,169
2822,126,197,611,0.0,577.0,2019,4,1,0,0,0,0,2696.0,73,252,6
2822,67,253,514,0.0,491.0,2019,4,2,1,0,0,0,2755.0,40,430,33
2822,59,283,0,0.0,411.0,2019,4,3,2,0,0,0,2763.0,73,141,136
2822,60,288,429,0.0,462.0,2019,4,4,3,0,0,0,2762.0,73,447,146
2822,185,303,1,0.0,436.0,2019,4,5,4,0,0,0,2637.0,73,171,257
2822,104,222,592,0.0,607.0,2019,4,8,0,0,0,0,2718.0,73,98,23
2822,69,239,578,0.0,590.0,2019,4,9,1,0,0,0,2753.0,104,165,122
2822,64,245,0,0.0,350.0,2019,4,10,2,0,0,0,2758.0,73,79,235
2822,52,248,434,0.0,524.0,2019,4,11,3,0,0,0,2770.0,44,386,157
2822,155,288,0,0.0,435.0,2019,4,12,4,0,0,0,2667.0,73,127,130
2822,113,178,609,0.0,647.0,2019,4,15,0,0,0,0,2709.0,73,17,253
2822,54,234,552,0.0,607.0,2019,4,16,1,0,0,0,2768.0,120,211,270
2822,57,263,0,0.0,472.0,2019,4,17,2,0,0,0,2765.0,73,21,269
2822,76,281,458,0.0,528.0,2019,4,18,3,0,0,0,2746.0,15,423,245
2822,230,294,1,0.0,412.0,2019,4,19,4,0,0,0,2592.0,73,132,15
2822,109,253,533,0.0,494.0,2019,4,22,0,0,0,0,2713.0,73,102,264
2822,60,272,576,0.0,567.0,2019,4,23,1,0,0,0,2762.0,73,45,170
2822,59,273,0,0.0,0.0,2019,4,24,2,0,0,0,2763.0,-1,-1,-1
2822,85,294,452,0.0,500.0,2019,4,25,3,0,0,0,2737.0,123,255,232
2822,215,297,0,0.0,392.0,2019,4,26,4,0,0,0,2607.0,73,359,178
2822,152,252,544,0.0,564.0,2019,4,29,0,0,0,0,2670.0,73,242,98
2822,152,298,290,0.0,430.0,2019,4,30,1,0,1,0,2670.0,13,328,237
2825,247,303,384,0.0,423.0,2019,5,2,3,0,0,1,2578.0,58,224,122
2825,348,276,1,0.0,420.0,2019,5,3,4,0,0,0,2477.0,73,144,295
2825,135,271,606,0.0,590.0,2019,5,7,1,0,0,1,2690.0,73,98,266
2825,81,296,0,0.0,423.0,2019,5,8,2,0,0,0,2744.0,73,66,235
2825,92,286,538,0.0,531.0,2019,5,9,3,0,0,0,2733.0,91,279,86
2825,166,302,0,0.0,438.0,2019,5,10,4,0,0,0,2659.0,73,167,203
2825,119,231,599,0.0,507.0,2019,5,13,0,0,0,1,2706.0,73,49,136
2825,76,256,601,0.0,587.0,2019,5,14,1,0,0,0,2749.0,39,43,29
2825,69,284,0,0.0,368.0,2019,5,15,2,0,0,0,2756.0,73,221,180
2825,72,283,482,0.0,521.0,2019,5,16,3,0,0,0,2753.0,33,447,183
2825,224,291,1,0.0,362.0,2019,5,17,4,0,0,0,2601.0,73,210,55
2825,100,223,602,0.0,516.0,2019,5,20,0,0,0,0,2725.0,73,55,80
2825,64,279,563,0.0,567.0,2019,5,21,1,0,0,0,2761.0,111,351,114
2825,60,272,0,0.0,405.0,2019,5,22,2,0,0,0,2765.0,73,61,132
2825,61,302,447,0.0,509.0,2019,5,23,3,0,0,0,2764.0,126,432,177
2825,193,307,0,0.0,328.0,2019,5,24,4,0,0,0,2632.0,73,152,15
2825,86,212,644,0.0,550.0,2019,5,27,0,0,0,0,2739.0,73,277,71
2825,54,229,632,0.0,590.0,2019,5,28,1,0,0,0,2771.0,84,327,4
2825,50,237,0,0.0,0.0,2019,5,29,2,0,0,0,2775.0,-1,-1,-1
2825,73,258,517,0.0,527.0,2019,5,30,3,0,0,0,2752.0,68,436,122
2825,179,291,0,0.0,378.0,2019,5,31,4,0,0,0,2646.0,73,98,110
2758,87,225,702,0.0,572.0,2019,6,3,0,0,0,0,2671.0,73,250,174
2758,65,251,592,0.0,486.0,2019,6,4,1,0,0,0,2693.0,103,109,224
2758,144,247,0,0.0,502.0,2019,6,5,2,0,1,0,2614.0,73,148,70
2758,890,219,3,0.0,244.0,2019,6,7,4,1,0,1,1868.0,73,99,71
2758,114,236,673,0.0,568.0,2019,6,10,0,0,0,0,2644.0,73,240,195
2758,55,267,624,0.0,555.0,2019,6,11,1,0,0,0,2703.0,15,164,259
2758,60,278,0,0.0,359.0,2019,6,12,2,0,0,0,2698.0,73,26,96
2758,65,288,507,0.0,520.0,2019,6,13,3,0,0,0,2693.0,81,468,4
2758,193,295,4,0.0,373.0,2019,6,14,4,0,0,0,2565.0,73,215,68
2758,95,240,640,0.0,534.0,2019,6,17,0,0,0,0,2663.0,73,171,267
2758,65,264,558,0.0,491.0,2019,6,18,1,0,0,0,2693.0,45,432,231
2758,78,260,0,0.0,420.0,2019,6,19,2,0,0,0,2680.0,73,98,70
2758,90,291,444,0.0,419.0,2019,6,20,3,0,0,0,2668.0,73,359,146
2758,188,294,0,0.0,381.0,2019,6,21,4,0,0,0,2570.0,73,207,169
2758,101,213,692,0.0,540.0,2019,6,24,0,0,0,0,2657.0,73,342,161
2758,67,265,573,0.0,472.0,2019,6,25,1,0,0,0,2691.0,94,55,245
2758,69,282,0,0.0,0.0,2019,6,26,2,0,0,0,2689.0,-1,-1,-1
2758,85,280,478,0.0,501.0,2019,6,27,3,0,0,0,2673.0,55,279,214
2758,229,288,2,0.0,373.0,2019,6,28,4,0,0,0,2529.0,73,127,186
2760,115,218,512,0.0,512.0,2019,7,1,0,0,0,0,2645.0,73,45,251
2760,87,237,490,0.0,504.0,2019,7,2,1,0,0,0,2673.0,22,266,224
2760,82,265,0,0.0,324.0,2019,7,3,2,0,0,0,2678.0,73,125,17
2760,95,309,434,0.0,565.0,2019,7,4,3,0,0,0,2665.0,44,456,45
2760,210,289,0,0.0,371.0,2019,7,5,4,0,0,0,2550.0,73,167,130
2760,155,277,536,0.0,465.0,2019,7,8,0,0,0,0,2605.0,73,452,266
2760,75,275,466,0.0,472.0,2019,7,9,1,0,0,0,2685.0,39,411,237
2760,123,286,0,0.0,326.0,2019,7,10,2,0,0,0,2637.0,73,18,235
2760,102,301,371,0.0,475.0,2019,7,11,3,0,0,0,2658.0,73,335,75
2760,244,306,0,0.0,385.0,2019,7,12,4,0,0,0,2516.0,73,277,70
2760,144,232,396,0.0,453.0,2019,7,15,0,0,0,0,2616.0,73,346,181
2760,100,227,426,0.0,477.0,2019,7,16,1,0,0,0,2660.0,84,164,265
2760,96,259,0,0.0,274.0,2019,7,17,2,0,0,0,2664.0,73,151,71
2760,113,274,310,0.0,455.0,2019,7,18,3,0,0,0,2647.0,73,338,143
2760,236,291,0,0.0,367.0,2019,7,19,4,0,0,0,2524.0,73,324,39
2760,223,218,438,0.0,503.0,2019,7,22,0,0,0,0,2537.0,73,339,194
2760,206,246,449,0.0,516.0,2019,7,23,1,0,0,0,2554.0,13,455,86
2760,224,252,0,0.0,322.0,2019,7,24,2,0,0,0,2536.0,73,112,70
2760,276,279,347,0.0,370.0,2019,7,25,3,0,0,0,2484.0,123,237,232
2760,396,280,1,0.0,336.0,2019,7,26,4,0,0,0,2364.0,73,137,89
2760,475,183,424,0.0,431.0,2019,7,29,0,0,0,0,2285.0,73,221,108
2760,434,213,382,0.0,457.0,2019,7,30,1,0,0,0,2326.0,17,427,231
2760,495,231,0,0.0,0.0,2019,7,31,2,0,0,0,2265.0,-1,-1,-1
3305,546,219,285,0.0,463.0,2019,8,1,3,0,0,0,2759.0,103,127,204
3305,687,237,2,0.0,274.0,2019,8,2,4,0,0,0,2618.0,73,45,96
3305,462,183,392,0.0,445.0,2019,8,5,0,0,0,0,2843.0,73,83,235
3305,427,203,392,0.0,513.0,2019,8,6,1,0,0,0,2878.0,126,170,122
3305,421,233,1,0.0,304.0,2019,8,7,2,0,0,0,2884.0,73,141,264
3305,430,254,364,0.0,482.0,2019,8,8,3,0,0,0,2875.0,76,109,24
3305,496,261,3,0.0,401.0,2019,8,9,4,0,0,0,2809.0,73,157,194
3305,394,208,424,0.0,527.0,2019,8,12,0,0,0,0,2911.0,73,330,142
3305,345,254,411,0.0,519.0,2019,8,13,1,0,0,0,2960.0,92,73,231
3305,430,246,2,0.0,421.0,2019,8,14,2,0,1,0,2875.0,73,346,152
3305,1026,208,7,0.0,313.0,2019,8,16,4,1,0,1,2279.0,73,132,285
3305,264,212,569,0.0,530.0,2019,8,19,0,0,0,0,3041.0,73,324,267
3305,205,255,534,0.0,534.0,2019,8,20,1,0,0,0,3100.0,84,448,45
3305,214,265,0,0.0,423.0,2019,8,21,2,0,0,0,3091.0,73,271,142
3305,178,275,468,0.0,514.0,2019,8,22,3,0,0,0,3127.0,40,430,33
3305,268,295,2,0.0,393.0,2019,8,23,4,0,0,0,3037.0,73,148,11
3305,162,230,596,0.0,547.0,2019,8,26,0,0,0,0,3143.0,73,125,96
3305,118,266,550,0.0,516.0,2019,8,27,1,0,0,0,3187.0,44,391,157
3305,123,274,0,0.0,0.0,2019,8,28,2,0,0,0,3182.0,-1,-1,-1
3305,132,289,435,0.0,550.0,2019,8,29,3,0,0,0,3173.0,81,279,4
3305,253,305,1,0.0,385.0,2019,8,30,4,0,0,0,3052.0,73,173,76
3111,137,213,564,0.0,609.0,2019,9,2,0,0,0,0,2974.0,73,435,266
3111,103,254,460,0.0,573.0,2019,9,3,1,0,0,0,3008.0,55,405,183
3111,102,270,0,0.0,412.0,2019,9,4,2,0,0,0,3009.0,73,127,254
3111,118,292,391,0.0,557.0,2019,9,5,3,0,0,0,2993.0,13,328,27
3111,214,301,0,0.0,349.0,2019,9,6,4,0,0,0,2897.0,73,276,15
3111,148,217,523,0.0,612.0,2019,9,9,0,0,0,0,2963.0,73,98,299
3111,142,238,401,0.0,541.0,2019,9,10,1,0,0,0,2969.0,21,432,270
3111,426,135,0,0.0,123.0,2019,9,11,2,0,1,0,2685.0,73,55,279
3111,259,180,631,0.0,687.0,2019,9,16,0,0,0,0,2852.0,73,401,254
3111,75,241,606,0.0,640.0,2019,9,17,1,0,0,0,3036.0,100,165,122
3111,71,250,0,0.0,418.0,2019,9,18,2,0,0,0,3040.0,73,284,170
3111,80,290,441,0.0,480.0,2019,9,19,3,0,0,0,3031.0,73,72,158
3111,182,302,2,0.0,415.0,2019,9,20,4,0,0,0,2929.0,73,324,198
3111,114,214,569,0.0,595.0,2019,9,23,0,0,0,0,2997.0,73,45,235
3111,71,265,631,0.0,570.0,2019,9,24,1,0,0,0,3040.0,73,105,108
3111,60,285,1,0.0,0.0,2019,9,25,2,0,0,0,3051.0,-1,-1,-1
3111,75,312,542,0.0,474.0,2019,9,26,3,0,0,0,3036.0,51,75,12
3111,177,309,2,0.0,368.0,2019,9,27,4,0,0,0,2934.0,73,125,186
3111,283,231,366,0.0,516.0,2019,9,30,0,0,0,0,2828.0,73,345,132
3121,244,217,310,0.0,743.0,2019,10,2,2,0,1,0,2877.0,73,288,203
3121,268,231,428,0.0,755.0,2019,10,4,4,1,0,1,2853.0,73,443,174
3121,193,215,447,0.0,492.0,2019,10,7,0,0,0,0,2928.0,73,26,55
3121,214,262,247,0.0,521.0,2019,10,8,1,0,1,0,2907.0,17,43,157
3121,284,269,398,0.0,546.0,2019,10,10,3,0,0,1,2837.0,103,290,237
3121,389,285,3,0.0,312.0,2019,10,11,4,0,0,0,2732.0,73,429,169
3121,152,237,529,0.0,601.0,2019,10,14,0,0,0,0,2969.0,73,378,254
3121,112,260,534,0.0,550.0,2019,10,15,1,0,0,0,3009.0,76,434,232
3121,116,278,1,0.0,334.0,2019,10,16,2,0,0,0,3005.0,73,78,70
3121,144,301,364,0.0,479.0,2019,10,17,3,0,0,0,2977.0,71,103,81
3121,332,300,2,0.0,345.0,2019,10,18,4,0,0,0,2789.0,73,464,136
3121,168,227,709,0.0,561.0,2019,10,21,0,0,0,0,2953.0,73,335,191
3121,99,378,381,0.0,446.0,2019,10,22,1,0,0,0,3022.0,13,164,237
3121,89,286,2,0.0,419.0,2019,10,23,2,0,0,0,3032.0,73,274,203
3121,129,313,410,0.0,409.0,2019,10,24,3,0,0,0,2992.0,126,124,86
3121,316,323,1,0.0,304.0,2019,10,25,4,0,0,0,2805.0,73,171,253
3121,219,267,464,0.0,436.0,2019,10,28,0,0,0,0,2902.0,73,17,247
3121,112,293,477,0.0,517.0,2019,10,29,1,0,0,0,3009.0,81,109,116
3121,122,294,1,0.0,0.0,2019,10,30,2,0,0,0,2999.0,-1,-1,-1
3121,130,312,430,0.0,475.0,2019,10,31,3,0,0,0,2991.0,104,165,122
3104,248,327,1,0.0,317.0,2019,11,1,4,0,0,0,2856.0,73,141,80
3104,155,239,538,0.0,552.0,2019,11,4,0,0,0,0,2949.0,73,443,203
3104,86,289,541,0.0,475.0,2019,11,5,1,0,0,0,3018.0,39,328,281
3104,119,295,0,0.0,321.0,2019,11,6,2,0,0,0,2985.0,73,463,55
3104,133,302,424,0.0,460.0,2019,11,7,3,0,0,0,2971.0,40,170,12
3104,271,309,1,0.0,321.0,2019,11,8,4,0,0,0,2833.0,73,112,78
3104,150,236,568,0.0,489.0,2019,11,11,0,0,0,0,2954.0,73,471,194
3104,106,272,481,0.0,456.0,2019,11,12,1,0,0,0,2998.0,84,290,183
3104,136,290,0,0.0,328.0,2019,11,13,2,0,0,0,2968.0,73,155,283
3104,188,286,453,0.0,466.0,2019,11,14,3,0,0,0,2916.0,73,227,158
3104,365,303,1,0.0,342.0,2019,11,15,4,0,0,0,2739.0,73,281,136
3104,183,230,672,0.0,527.0,2019,11,18,0,0,0,0,2921.0,73,382,203
3104,139,285,562,0.0,529.0,2019,11,19,1,0,0,0,2965.0,121,391,224
3104,174,288,0,0.0,386.0,2019,11,20,2,0,0,0,2930.0,73,240,195
3104,188,304,480,0.0,442.0,2019,11,21,3,0,0,0,2916.0,73,359,146
3104,329,310,1,0.0,313.0,2019,11,22,4,0,0,0,2775.0,73,214,169
3104,170,235,733,0.0,609.0,2019,11,25,0,0,0,0,2934.0,73,239,123
3104,129,270,634,0.0,511.0,2019,11,26,1,0,0,0,2975.0,33,425,4
3104,134,288,1,0.0,0.0,2019,11,27,2,0,0,0,2970.0,-1,-1,-1
3104,167,297,558,0.0,460.0,2019,11,28,3,0,0,0,2937.0,103,352,237
3104,282,326,1,0.0,256.0,2019,11,29,4,0,0,0,2822.0,73,66,162
3111,169,201,748,0.0,580.0,2019,12,2,0,0,0,0,2942.0,73,345,217
3111,115,247,789,0.0,566.0,2019,12,3,1,0,0,0,2996.0,96,211,12
3111,118,257,1,0.0,329.0,2019,12,4,2,0,0,0,2993.0,73,127,96
3111,145,280,549,0.0,483.0,2019,12,5,3,0,0,0,2966.0,22,411,224
3111,312,299,5,0.0,315.0,2019,12,6,4,0,0,0,2799.0,73,443,201
3111,190,192,819,0.0,521.0,2019,12,9,0,0,0,0,2921.0,73,102,6
3111,155,248,800,0.0,519.0,2019,12,10,1,0,0,0,2956.0,101,453,35
3111,168,265,0,0.0,327.0,2019,12,11,2,0,0,0,2943.0,73,221,139
3111,190,257,586,0.0,411.0,2019,12,12,3,0,0,0,2921.0,59,76,86
3111,266,310,2,0.0,380.0,2019,12,13,4,0,0,0,2845.0,73,205,15
3111,206,211,709,0.0,464.0,2019,12,16,0,0,0,0,2905.0,73,330,295
3111,155,267,613,0.0,472.0,2019,12,17,1,0,0,0,2956.0,77,223,237
3111,169,283,3,0.0,278.0,2019,12,18,2,0,0,0,2942.0,73,125,21
3111,165,270,591,0.0,321.0,2019,12,19,3,0,0,0,2946.0,73,458,158
3111,337,261,4,0.0,353.0,2019,12,20,4,0,0,0,2774.0,73,346,136
3111,343,228,131,0.0,124.0,2019,12,23,0,0,0,0,2768.0,73,378,55
3111,478,216,52,0.0,221.0,2019,12,24,1,0,1,0,2633.0,10,424,273
3111,538,249,151,0.0,203.0,2019,12,26,3,0,0,1,2573.0,55,259,183
3111,706,236,1,0.0,226.0,2019,12,27,4,0,0,0,2405.0,73,66,96
3111,563,192,98,0.0,132.0,2019,12,30,0,0,0,0,2548.0,73,45,162
3111,709,149,22,0.0,0.0,2019,12,31,1,0,1,0,2402.0,-1,-1,-1
2821,255,133,338,0.0,362.0,2020,1,2,3,0,0,1,2566.0,114,266,86
2821,321,186,3,0.0,344.0,2020,1,3,4,0,0,0,2500.0,73,141,170
2821,119,203,424,5.0,389.0,2020,1,6,0,0,0,0,2697.0,73,452,203
2821,95,204,448,7.0,490.0,2020,1,7,1,0,0,0,2719.0,103,256,224
2821,117,222,7,5.0,321.0,2020,1,8,2,0,0,0,2699.0,73,378,162
2821,124,241,426,7.0,474.0,2020,1,9,3,0,0,0,2690.0,88,331,205
2821,264,262,0,3.0,320.0,2020,1,10,4,0,0,0,2554.0,73,277,257
2821,141,218,526,0.0,454.0,2020,1,13,0,0,0,0,2680.0,73,276,64
2821,96,236,388,0.0,272.0,2020,1,14,1,0,0,0,2725.0,84,164,183
2821,97,235,4,0.0,350.0,2020,1,15,2,0,0,0,2724.0,73,130,178
2821,92,244,390,0.0,457.0,2020,1,16,3,0,0,0,2729.0,67,430,277
2821,242,269,0,0.0,344.0,2020,1,17,4,0,0,0,2579.0,73,205,247
2821,132,199,488,0.0,439.0,2020,1,20,0,0,0,0,2689.0,73,22,84
2821,96,237,491,0.0,478.0,2020,1,21,1,0,0,0,2725.0,70,32,286
2821,130,232,5,0.0,354.0,2020,1,22,2,0,0,0,2691.0,73,379,70
2821,481,141,38,0.0,117.0,2020,1,23,3,0,1,0,2340.0,73,460,146
2821,284,143,670,0.0,639.0,2020,1,28,1,0,0,1,2537.0,81,76,122
2821,101,214,4,0.0,0.0,2020,1,29,2,0,0,0,2720.0,-1,-1,-1
2821,76,261,482,0.0,497.0,2020,1,30,3,0,0,0,2745.0,104,295,224
2821,183,265,0,0.0,368.0,2020,1,31,4,0,0,0,2638.0,73,141,104
2872,101,208,537,1.0,495.0,2020,2,3,0,0,0,0,2770.0,73,359,180
2872,72,222,471,0.0,304.0,2020,2,4,1,0,0,0,2800.0,39,444,237
2872,62,215,4,0.0,276.0,2020,2,5,2,0,0,0,2810.0,73,345,56
2872,90,233,426,0.0,369.0,2020,2,6,3,0,0,0,2782.0,113,383,86
2872,140,247,2,0.0,326.0,2020,2,7,4,0,0,0,2732.0,73,372,266
2872,65,136,617,0.0,633.0,2020,2,10,0,0,0,0,2807.0,73,54,77
2872,52,198,748,0.0,668.0,2020,2,11,1,0,0,0,2820.0,98,390,13
2872,65,210,5,0.0,411.0,2020,2,12,2,0,0,0,2807.0,73,171,235
2872,71,249,620,0.0,575.0,2020,2,13,3,0,0,0,2801.0,73,227,158
2872,160,273,0,0.0,436.0,2020,2,14,4,0,0,0,2712.0,73,298,30
2872,74,196,722,0.0,649.0,2020,2,17,0,0,0,0,2798.0,73,324,61
2872,47,239,666,0.0,630.0,2020,2,18,1,0,0,0,2825.0,121,37,224
2872,62,224,1,0.0,434.0,2020,2,19,2,0,0,0,2810.0,73,452,174
2872,78,254,549,0.0,542.0,2020,2,20,3,0,0,0,2794.0,123,255,86
2872,181,277,0,0.0,380.0,2020,2,21,4,0,0,0,2691.0,73,45,55
2872,144,156,846,0.0,767.0,2020,2,24,0,0,0,0,2728.0,73,17,162
2872,117,158,806,0.0,776.0,2020,2,25,1,0,0,0,2755.0,76,279,24
2872,109,190,4,0.0,0.0,2020,2,26,2,0,0,0,2763.0,-1,-1,-1
2872,121,217,667,5.0,673.0,2020,2,27,3,0,0,0,2746.0,96,237,12
2872,210,234,0,7.0,414.0,2020,2,28,4,0,0,0,2655.0,73,150,266
2950,108,133,786,14.0,771.0,2020,3,2,0,0,0,1,2828.0,73,240,184
2950,76,185,753,12.0,598.0,2020,3,3,1,0,0,0,2862.0,17,168,231
2950,74,205,1,19.0,462.0,2020,3,4,2,0,0,0,2857.0,73,208,279
2950,84,232,612,15.0,630.0,2020,3,5,3,0,0,0,2851.0,84,310,262
2950,166,251,0,12.0,379.0,2020,3,6,4,0,0,0,2772.0,73,194,42
2950,91,129,784,16.0,640.0,2020,3,9,0,0,0,0,2843.0,73,149,264
2950,67,168,678,20.0,575.0,2020,3,10,1,0,0,0,2863.0,87,188,13
2950,74,197,0,23.0,487.0,2020,3,11,2,0,0,0,2853.0,73,156,136
2950,78,243,555,17.0,614.0,2020,3,12,3,0,0,0,2855.0,43,186,112
2950,165,259,0,20.0,343.0,2020,3,13,4,0,0,0,2765.0,73,107,257
2950,69,138,789,21.0,630.0,2020,3,16,0,0,0,0,2860.0,73,201,203
2950,61,171,679,20.0,520.0,2020,3,17,1,0,0,0,2869.0,71,216,280
2950,47,210,0,25.0,383.0,2020,3,18,2,0,0,0,2878.0,73,413,64
2950,70,235,560,19.0,541.0,2020,3,19,3,0,0,0,2861.0,71,438,206
2950,176,263,3,135.0,358.0,2020,3,20,4,0,0,0,2639.0,73,401,10
2950,109,178,687,285.0,651.0,2020,3,23,0,0,0,0,2556.0,73,251,55
2950,131,137,639,303.0,754.0,2020,3,24,1,0,0,0,2516.0,81,129,4
2950,122,146,1,303.0,526.0,2020,3,25,2,0,0,0,2525.0,105,267,239
2950,133,133,584,288.0,645.0,2020,3,26,3,0,0,0,2529.0,39,447,224
2950,254,156,0,260.0,377.0,2020,3,27,4,0,0,0,2436.0,73,335,178
2950,230,53,627,488.0,625.0,2020,3,30,0,0,0,0,2232.0,73,114,108
2950,193,43,528,533.0,601.0,2020,3,31,1,0,0,0,2224.0,111,349,105
2962,228,56,0,420.0,561.0,2020,4,1,2,0,0,0,2314.0,73,433,169
2962,236,89,490,395.0,645.0,2020,4,2,3,0,0,0,2331.0,36,234,270
2962,350,149,1,340.0,318.0,2020,4,3,4,0,0,0,2272.0,73,272,254
2962,206,152,713,477.0,655.0,2020,4,6,0,0,0,0,2279.0,73,409,130
2962,164,156,698,490.0,634.0,2020,4,7,1,0,0,0,2308.0,101,40,191
2962,159,172,1,479.0,445.0,2020,4,8,2,0,0,0,2324.0,73,84,137
2962,154,186,544,488.0,458.0,2020,4,9,3,0,0,0,2320.0,69,241,2
2962,316,209,0,417.0,302.0,2020,4,10,4,0,0,0,2229.0,73,178,70
2962,165,146,619,447.0,564.0,2020,4,13,0,0,0,0,2350.0,73,136,174
2962,200,176,274,485.0,453.0,2020,4,14,1,0,1,0,2277.0,88,57,131
2962,265,182,498,447.0,500.0,2020,4,16,3,0,0,1,2250.0,53,106,122
2962,325,221,3,389.0,305.0,2020,4,17,4,0,0,0,2248.0,73,94,147
2962,145,143,624,471.0,594.0,2020,4,20,0,0,0,0,2346.0,73,51,64
2962,126,171,700,450.0,542.0,2020,4,21,1,0,0,0,2386.0,73,340,73
2962,132,204,2,443.0,439.0,2020,4,22,2,0,0,0,2387.0,73,341,16
2962,107,251,518,437.0,461.0,2020,4,23,3,0,0,0,2418.0,73,443,243
2962,232,267,1,387.0,309.0,2020,4,24,4,0,0,0,2343.0,73,310,41
2962,125,192,706,418.0,570.0,2020,4,27,0,0,0,0,2419.0,73,86,7
2962,118,223,493,410.0,482.0,2020,4,28,1,0,0,0,2434.0,71,177,298
2962,221,250,0,396.0,192.0,2020,4,29,2,0,1,0,2345.0,73,169,291
2962,1113,117,91,189.0,123.0,2020,5,4,0,1,1,0,1660.0,73,25,51
2962,104,177,2,291.0,495.0,2020,5,6,2,0,0,1,2567.0,35,406,19
2962,76,236,577,285.0,462.0,2020,5,7,3,0,0,0,2601.0,73,375,227
2962,153,265,0,246.0,371.0,2020,5,8,4,0,0,0,2563.0,17,261,228
2962,94,195,659,245.0,599.0,2020,5,11,0,0,0,0,2623.0,52,110,2
2962,67,230,690,250.0,486.0,2020,5,12,1,0,0,0,2645.0,73,11,241
2962,68,242,0,236.0,403.0,2020,5,13,2,0,0,0,2658.0,73,203,197
2962,71,281,488,212.0,424.0,2020,5,14,3,0,0,0,2679.0,73,396,154
2962,161,296,0,201.0,265.0,2020,5,15,4,0,0,0,2600.0,73,179,13
2962,96,223,701,246.0,573.0,2020,5,18,0,0,0,0,2620.0,73,75,186
2962,78,235,617,237.0,440.0,2020,5,19,1,0,0,0,2647.0,5,41,106
2962,71,243,0,258.0,336.0,2020,5,20,2,0,0,0,2633.0,73,45,96
2962,63,269,474,218.0,445.0,2020,5,21,3,0,0,0,2681.0,76,165,29
2962,226,277,0,206.0,291.0,2020,5,22,4,0,0,0,2530.0,73,39,70
2962,98,206,732,229.0,488.0,2020,5,25,0,0,0,0,2635.0,73,452,159
2962,70,220,649,200.0,502.0,2020,5,26,1,0,0,0,2692.0,15,170,122
2962,65,234,2,235.0,339.0,2020,5,27,2,0,0,0,2662.0,73,150,62
2962,66,270,431,212.0,361.0,2020,5,28,3,0,0,0,2684.0,73,58,69
2962,236,284,1,202.0,235.0,2020,5,29,4,0,0,0,2524.0,73,95,282
2956,109,185,612,215.0,463.0,2020,6,1,0,0,0,0,2632.0,73,275,257
2956,64,231,605,213.0,434.0,2020,6,2,1,0,0,0,2679.0,84,60,157
2956,63,251,0,191.0,374.0,2020,6,3,2,0,0,0,2702.0,73,171,56
2956,71,284,403,208.0,353.0,2020,6,4,3,0,0,0,2677.0,73,214,6
2956,233,291,0,176.0,251.0,2020,6,5,4,0,1,0,2547.0,73,176,208
2956,121,236,566,201.0,477.0,2020,6,8,0,0,0,0,2634.0,73,31,23
2956,68,253,519,177.0,449.0,2020,6,9,1,0,0,0,2711.0,57,204,266
2956,75,248,4,201.0,320.0,2020,6,10,2,0,0,0,2680.0,73,125,17
2956,82,280,399,172.0,439.0,2020,6,11,3,0,0,0,2702.0,76,418,259
2956,204,303,2,175.0,266.0,2020,6,12,4,0,0,0,2577.0,73,163,136
2997,71,252,9,153.0,343.0,2020,7,1,2,0,0,0,2773.0,73,75,64
2997,82,268,446,152.0,441.0,2020,7,2,3,0,0,0,2763.0,13,63,116
2997,261,288,1,157.0,269.0,2020,7,3,4,0,0,0,2579.0,73,411,27
2997,126,220,626,172.0,454.0,2020,7,6,0,0,0,0,2699.0,73,147,176
2997,77,242,575,152.0,472.0,2020,7,7,1,0,0,0,2768.0,81,74,231
2997,77,251,7,158.0,369.0,2020,7,8,2,0,0,0,2762.0,73,217,59
2997,99,290,449,159.0,401.0,2020,7,9,3,0,0,0,2739.0,131,393,237
2997,233,290,0,135.0,246.0,2020,7,10,4,0,0,0,2629.0,73,322,70
2997,118,225,632,148.0,489.0,2020,7,13,0,0,0,0,2731.0,73,321,146
2997,80,224,561,143.0,342.0,2020,7,14,1,0,0,0,2774.0,73,111,31
2997,80,248,4,183.0,343.0,2020,7,15,2,0,0,0,2734.0,73,125,233
2997,102,274,411,166.0,379.0,2020,7,16,3,0,0,0,2729.0,73,340,94
2997,249,291,2,148.0,237.0,2020,7,17,4,0,0,0,2600.0,73,201,78
2997,157,220,518,140.0,481.0,2020,7,20,0,0,0,0,2700.0,108,451,14
2997,138,222,519,129.0,467.0,2020,7,21,1,0,0,0,2730.0,132,265,136
2997,165,250,9,149.0,414.0,2020,7,22,2,0,0,0,2683.0,84,337,225
2997,156,274,377,134.0,380.0,2020,7,23,3,0,0,0,2707.0,132,182,43
2997,344,281,0,115.0,237.0,2020,7,24,4,0,0,0,2538.0,132,27,85
2997,271,182,728,120.0,552.0,2020,7,27,0,0,0,0,2606.0,132,269,257
2997,252,213,565,150.0,396.0,2020,7,28,1,0,0,0,2595.0,83,236,260
2997,256,233,11,150.0,280.0,2020,7,29,2,0,0,0,2591.0,132,347,256
2997,346,242,395,130.0,426.0,2020,7,30,3,0,0,0,2521.0,118,326,271
2997,496,261,0,125.0,231.0,2020,7,31,4,0,0,0,2376.0,132,82,250
2989,494,155,446,115.0,440.0,2020,8,3,0,0,0,0,2380.0,132,398,39
2989,464,172,463,115.0,446.0,2020,8,4,1,0,0,0,2410.0,132,44,13
2989,490,182,7,115.0,337.0,2020,8,5,2,0,0,0,2384.0,80,268,122
2989,482,218,364,109.0,373.0,2020,8,6,3,0,0,0,2398.0,132,160,7
2989,605,239,1,142.0,261.0,2020,8,7,4,0,0,0,2242.0,124,180,36
2989,476,191,548,95.0,520.0,2020,8,10,0,0,0,0,2418.0,114,232,225
2989,456,188,465,102.0,342.0,2020,8,11,1,0,0,0,2431.0,132,200,186
2989,449,213,12,111.0,337.0,2020,8,12,2,0,0,0,2429.0,132,131,72
2989,504,245,353,112.0,270.0,2020,8,13,3,0,0,0,2373.0,132,249,162
2989,644,256,1,116.0,212.0,2020,8,14,4,0,1,0,2229.0,6,53,171
2989,469,195,534,105.0,501.0,2020,8,18,1,0,0,1,2415.0,65,317,122
2989,420,227,10,126.0,375.0,2020,8,19,2,0,0,0,2443.0,109,233,230
2989,390,232,477,125.0,433.0,2020,8,20,3,0,0,0,2474.0,132,403,209
2989,497,249,0,149.0,240.0,2020,8,21,4,0,0,0,2343.0,132,29,25
2989,302,185,683,249.0,608.0,2020,8,24,0,0,0,0,2438.0,56,378,277
2989,219,190,757,285.0,632.0,2020,8,25,1,0,0,0,2485.0,132,334,5
2989,215,197,2,363.0,495.0,2020,8,26,2,0,0,0,2411.0,132,123,44
2989,205,211,575,316.0,522.0,2020,8,27,3,0,0,0,2468.0,132,340,238
2989,320,230,0,297.0,354.0,2020,8,28,4,0,0,0,2372.0,132,323,264
2989,183,163,648,464.0,649.0,2020,8,31,0,0,0,0,2342.0,132,371,23
3132,73,111,630,527.0,497.0,2020,9,1,1,0,0,0,2532.0,132,14,235
3132,78,155,0,522.0,390.0,2020,9,2,2,0,0,0,2532.0,132,105,123
3132,119,195,531,511.0,445.0,2020,9,3,3,0,0,0,2502.0,132,254,234
3132,208,221,3,462.0,341.0,2020,9,4,4,0,0,0,2462.0,132,84,136
3132,122,163,774,439.0,603.0,2020,9,7,0,0,0,0,2571.0,132,324,196
3132,91,173,730,441.0,478.0,2020,9,8,1,0,0,0,2600.0,132,356,203
3132,102,180,3,424.0,374.0,2020,9,9,2,0,0,0,2606.0,132,69,65
3132,106,220,600,430.0,514.0,2020,9,10,3,0,0,0,2596.0,111,344,226
3132,211,259,2,376.0,287.0,2020,9,11,4,0,0,0,2545.0,132,242,162
3132,102,188,725,368.0,547.0,2020,9,14,0,0,0,0,2662.0,132,350,123
3132,79,209,676,422.0,421.0,2020,9,15,1,0,0,0,2631.0,132,96,195
3132,72,229,0,361.0,362.0,2020,9,16,2,0,0,0,2699.0,132,270,95
3132,84,245,588,368.0,504.0,2020,9,17,3,0,0,0,2680.0,132,299,176
3132,241,281,1,310.0,256.0,2020,9,18,4,0,0,0,2581.0,132,30,269
3132,105,210,742,354.0,616.0,2020,9,21,0,0,0,0,2673.0,132,6,162
3132,99,224,600,342.0,384.0,2020,9,22,1,0,0,0,2691.0,132,356,70
3132,88,234,1,345.0,412.0,2020,9,23,2,0,0,0,2699.0,106,12,20
3132,102,262,505,314.0,392.0,2020,9,24,3,0,0,0,2716.0,132,2,294
3132,237,287,1,265.0,230.0,2020,9,25,4,0,0,0,2630.0,132,47,17
3132,985,188,81,142.0,165.0,2020,9,28,0,0,0,0,2005.0,132,105,221
3008,91,131,825,292.0,595.0,2020,10,5,0,0,0,0,2625.0,132,9,70
3008,64,183,804,279.0,545.0,2020,10,6,1,0,0,0,2665.0,132,133,266
3008,54,232,6,292.0,547.0,2020,10,7,2,0,0,0,2662.0,132,59,101
3008,88,225,734,249.0,345.0,2020,10,8,3,0,1,0,2671.0,132,319,167
3008,105,215,555,221.0,466.0,2020,10,12,0,0,0,0,2682.0,132,120,233
3008,72,248,534,188.0,420.0,2020,10,13,1,0,0,0,2748.0,132,97,130
3008,68,267,3,171.0,382.0,2020,10,14,2,0,0,0,2769.0,132,159,192
3008,97,269,898,175.0,400.0,2020,10,15,3,0,0,0,2736.0,2,113,123
3008,180,270,4,180.0,436.0,2020,10,16,4,0,0,0,2648.0,132,455,247
3008,143,211,588,135.0,457.0,2020,10,19,0,0,0,0,2730.0,132,243,55
3008,84,241,518,144.0,372.0,2020,10,20,1,0,0,0,2780.0,0,70,220
3008,107,239,6,160.0,336.0,2020,10,21,2,0,0,0,2741.0,132,281,15
3008,116,271,791,162.0,423.0,2020,10,22,3,0,0,0,2730.0,132,268,136
3008,223,283,2,135.0,389.0,2020,10,23,4,0,0,0,2650.0,132,52,186
3008,156,228,570,144.0,444.0,2020,10,26,0,0,0,0,2708.0,132,374,174
3008,105,265,496,136.0,392.0,2020,10,27,1,0,0,0,2767.0,75,0,225
3008,105,287,3,138.0,293.0,2020,10,28,2,0,0,0,2765.0,132,318,149
3008,131,298,418,137.0,388.0,2020,10,29,3,0,0,0,2740.0,16,287,237
3008,340,298,1,107.0,259.0,2020,10,30,4,0,0,0,2561.0,132,312,263
3021,162,213,616,132.0,498.0,2020,11,2,0,0,0,0,2727.0,132,380,203
3021,100,270,530,107.0,356.0,2020,11,3,1,0,0,0,2814.0,85,119,212
3021,112,283,1,123.0,334.0,2020,11,4,2,0,0,0,2786.0,132,315,266
3021,114,306,464,116.0,422.0,2020,11,5,3,0,0,0,2791.0,132,366,14
3021,266,305,1,119.0,276.0,2020,11,6,4,0,0,0,2636.0,79,220,28
3021,144,241,691,131.0,430.0,2020,11,9,0,0,0,0,2746.0,132,245,55
3021,104,289,526,124.0,335.0,2020,11,10,1,0,0,0,2793.0,107,367,231
3021,105,303,1,115.0,316.0,2020,11,11,2,0,0,0,2801.0,132,21,32
3021,125,308,464,105.0,319.0,2020,11,12,3,0,0,0,2791.0,132,357,39
3021,317,292,0,116.0,226.0,2020,11,13,4,0,0,0,2588.0,132,422,13
3021,164,217,733,128.0,478.0,2020,11,16,0,0,0,0,2729.0,132,77,218
3021,112,274,691,119.0,406.0,2020,11,17,1,0,0,0,2790.0,132,199,134
3021,93,282,0,123.0,305.0,2020,11,18,2,0,0,0,2805.0,132,342,100
3021,144,277,541,110.0,486.0,2020,11,19,3,0,0,0,2767.0,23,392,79
3021,343,292,0,147.0,220.0,2020,11,20,4,0,0,0,2531.0,132,265,136
3021,198,208,899,261.0,730.0,2020,11,23,0,0,0,0,2562.0,132,219,168
3021,202,181,878,357.0,704.0,2020,11,24,1,0,0,0,2462.0,132,198,258
3021,206,191,3,387.0,0.0,2020,11,25,2,0,0,0,2428.0,-1,-1,-1
3021,230,219,641,391.0,606.0,2020,11,26,3,0,0,0,2400.0,132,3,225
3021,406,235,2,301.0,303.0,2020,11,27,4,0,0,0,2314.0,110,122,296
3021,253,148,798,345.0,712.0,2020,11,30,0,0,0,0,2423.0,132,4,68
2990,204,161,878,408.0,685.0,2020,12,1,1,0,0,0,2378.0,37,268,293
2990,223,157,5,398.0,523.0,2020,12,2,2,0,0,0,2369.0,132,202,13
2990,242,219,667,361.0,466.0,2020,12,3,3,0,0,0,2387.0,132,1,91
2990,427,233,3,292.0,197.0,2020,12,4,4,0,0,0,2271.0,132,89,195
2990,211,185,941,339.0,742.0,2020,12,7,0,0,0,0,2440.0,132,402,215
2990,172,182,852,377.0,679.0,2020,12,8,1,0,0,0,2441.0,17,301,120
2990,199,191,2,419.0,384.0,2020,12,9,2,0,0,0,2372.0,132,454,136
2990,212,229,683,337.0,518.0,2020,12,10,3,0,0,0,2441.0,42,161,231
2990,398,228,0,292.0,334.0,2020,12,11,4,0,0,0,2300.0,132,304,263
2990,221,142,892,336.0,666.0,2020,12,14,0,0,0,0,2433.0,132,289,37
2990,203,179,814,400.0,633.0,2020,12,15,1,0,0,0,2387.0,7,8,164
2990,195,187,1,359.0,450.0,2020,12,16,2,0,0,0,2436.0,132,343,167
2990,226,184,653,334.0,438.0,2020,12,17,3,0,0,0,2430.0,132,371,173
2990,403,196,1,307.0,274.0,2020,12,18,4,0,0,0,2280.0,132,389,88
2990,248,153,526,339.0,327.0,2020,12,21,0,0,0,0,2403.0,1,5,277
2990,270,171,362,330.0,319.0,2020,12,22,1,0,0,0,2390.0,132,117,185
2990,402,193,5,324.0,354.0,2020,12,23,2,0,0,0,2264.0,84,439,75
2990,777,160,24,273.0,131.0,2020,12,24,3,0,1,0,1940.0,132,445,1
2983,92,91,490,340.0,598.0,2021,1,4,0,0,0,0,2551.0,132,278,138
2983,99,156,500,390.0,484.0,2021,1,5,1,0,0,0,2494.0,3,395,115
2983,85,156,11,433.0,377.0,2021,1,6,2,0,0,0,2465.0,132,452,14
2983,98,182,413,421.0,342.0,2021,1,7,3,0,0,0,2464.0,132,7,15
2983,255,218,0,373.0,250.0,2021,1,8,4,0,0,0,2355.0,132,133,8
2983,105,158,517,369.0,451.0,2021,1,11,0,0,0,0,2509.0,132,284,216
2983,83,168,433,404.0,317.0,2021,1,12,1,0,0,0,2496.0,132,309,87
2983,80,175,8,393.0,360.0,2021,1,13,2,0,0,0,2510.0,74,306,2
2983,90,205,428,370.0,439.0,2021,1,14,3,0,0,0,2523.0,132,341,294
2983,229,222,0,339.0,277.0,2021,1,15,4,0,0,0,2415.0,132,105,172
2983,67,163,509,357.0,460.0,2021,1,18,0,0,0,0,2559.0,132,87,130
2983,62,176,508,372.0,414.0,2021,1,19,1,0,0,0,2549.0,132,175,141
2983,75,198,4,391.0,421.0,2021,1,20,2,0,0,0,2517.0,17,229,119
2983,92,231,462,351.0,353.0,2021,1,21,3,0,0,0,2540.0,132,247,167
2983,255,248,1,303.0,217.0,2021,1,22,4,0,0,0,2425.0,132,302,170
2983,107,153,616,327.0,502.0,2021,1,25,0,0,0,0,2549.0,132,369,203
2983,69,183,551,362.0,480.0,2021,1,26,1,0,0,0,2552.0,4,294,237
