본사정원수,본사휴가자수,본사출장자수,본사시간외근무명령서승인건수,현본사소속재택근무자수,중식계,연,월,일,요일_찐,개꿀가능성,휴일전날,휴일다음날,대면출근자,중식_밥,중식_메인요리,중식_국
2601,50,150,238,0.0,1039.0,2016,2,1,0,0,0,0,2551.0,53,250,199
2601,50,173,319,0.0,867.0,2016,2,2,1,0,0,0,2551.0,53,20,32
2601,56,180,111,0.0,1017.0,2016,2,3,2,0,0,0,2545.0,72,354,261
2601,104,220,355,0.0,978.0,2016,2,4,3,0,0,0,2497.0,53,329,158
2601,278,181,34,0.0,925.0,2016,2,5,4,0,0,0,2323.0,53,119,79
2601,383,143,417,0.0,1045.0,2016,2,11,3,0,0,1,2218.0,53,408,172
2601,389,156,93,0.0,909.0,2016,2,12,4,0,0,0,2212.0,53,111,39
2601,87,204,482,0.0,1268.0,2016,2,15,0,0,0,0,2514.0,53,79,170
2601,72,236,526,0.0,1014.0,2016,2,16,1,0,0,0,2529.0,53,374,158
2601,78,250,23,0.0,916.0,2016,2,17,2,0,0,0,2523.0,53,249,45
2601,77,254,367,0.0,910.0,2016,2,18,3,0,0,0,2524.0,17,39,219
2601,145,252,69,0.0,763.0,2016,2,19,4,0,0,0,2456.0,53,145,56
2601,90,207,434,0.0,1298.0,2016,2,22,0,0,0,0,2511.0,49,30,155
2601,57,237,488,0.0,899.0,2016,2,23,1,0,0,0,2544.0,53,106,247
2601,54,232,14,0.0,1022.0,2016,2,24,2,0,0,0,2547.0,30,240,261
2601,56,261,335,0.0,917.0,2016,2,25,3,0,0,0,2545.0,53,78,129
2601,144,278,42,0.0,766.0,2016,2,26,4,0,0,0,2457.0,53,299,163
2601,595,168,110,0.0,869.0,2016,2,29,0,1,1,0,2006.0,53,325,186
2624,127,182,261,0.0,1127.0,2016,3,2,2,0,0,1,2497.0,53,329,160
2624,61,224,351,0.0,1000.0,2016,3,3,3,0,0,0,2563.0,53,375,27
2624,83,247,79,0.0,837.0,2016,3,4,4,0,0,0,2541.0,53,20,127
2624,50,195,456,0.0,1326.0,2016,3,7,0,0,0,0,2574.0,53,78,247
2624,47,212,426,0.0,1026.0,2016,3,8,1,0,0,0,2577.0,53,46,238
2624,43,225,0,0.0,901.0,2016,3,9,2,0,0,0,2581.0,53,120,130
2624,55,245,290,0.0,847.0,2016,3,10,3,0,0,0,2569.0,53,85,21
2624,108,275,76,0.0,728.0,2016,3,11,4,0,0,0,2516.0,53,257,118
2624,61,183,376,0.0,1286.0,2016,3,14,0,0,0,0,2563.0,53,109,182
2624,38,231,399,0.0,958.0,2016,3,15,1,0,0,0,2586.0,53,239,176
2624,50,213,0,0.0,998.0,2016,3,16,2,0,0,0,2574.0,6,180,248
2624,52,242,327,0.0,832.0,2016,3,17,3,0,0,0,2572.0,53,374,138
2624,118,277,57,0.0,757.0,2016,3,18,4,0,0,0,2506.0,53,408,170
2624,65,205,329,0.0,1030.0,2016,3,21,0,0,0,0,2559.0,53,189,39
2624,41,208,378,0.0,917.0,2016,3,22,1,0,0,0,2583.0,53,363,161
2624,42,236,0,0.0,963.0,2016,3,23,2,0,0,0,2582.0,75,351,82
2624,53,251,293,0.0,876.0,2016,3,24,3,0,0,0,2571.0,53,249,129
2624,98,275,59,0.0,861.0,2016,3,25,4,0,0,0,2526.0,53,315,51
2624,77,197,299,0.0,1193.0,2016,3,28,0,0,0,0,2547.0,53,78,186
2624,52,245,259,0.0,892.0,2016,3,29,1,0,0,0,2572.0,53,329,204
2624,48,230,0,0.0,1033.0,2016,3,30,2,0,0,0,2576.0,27,304,235
2624,36,248,158,0.0,781.0,2016,3,31,3,0,0,0,2588.0,53,111,95
2643,103,254,47,0.0,661.0,2016,4,1,4,0,0,0,2540.0,53,32,123
2643,62,221,367,0.0,1237.0,2016,4,4,0,0,0,0,2581.0,53,250,168
2643,31,242,370,0.0,840.0,2016,4,5,1,0,0,0,2612.0,53,301,130
2643,37,249,0,0.0,876.0,2016,4,6,2,0,0,0,2606.0,53,325,201
2643,47,258,339,0.0,853.0,2016,4,7,3,0,0,0,2596.0,53,152,182
2643,87,283,64,0.0,764.0,2016,4,8,4,0,0,0,2556.0,53,270,118
2643,82,203,392,0.0,1225.0,2016,4,11,0,0,0,0,2561.0,53,408,172
2643,76,225,239,0.0,771.0,2016,4,12,1,0,1,0,2567.0,53,242,127
2643,106,252,326,0.0,969.0,2016,4,14,3,0,0,1,2537.0,53,111,163
2643,131,281,82,0.0,579.0,2016,4,15,4,0,0,0,2512.0,53,85,46
2643,81,225,330,0.0,1120.0,2016,4,18,0,0,0,0,2562.0,53,108,118
2643,44,239,387,0.0,980.0,2016,4,19,1,0,0,0,2599.0,53,69,222
2643,47,262,0,0.0,849.0,2016,4,20,2,0,0,0,2596.0,74,160,27
2643,66,264,312,0.0,940.0,2016,4,21,3,0,0,0,2577.0,53,246,53
2643,150,275,86,0.0,698.0,2016,4,22,4,0,0,0,2493.0,53,137,130
2643,96,201,281,0.0,1227.0,2016,4,25,0,0,0,0,2547.0,53,98,247
2643,51,227,304,0.0,795.0,2016,4,26,1,0,0,0,2592.0,53,329,158
2643,71,234,0,0.0,1028.0,2016,4,27,2,0,0,0,2572.0,15,56,107
2643,56,269,196,0.0,811.0,2016,4,28,3,0,0,0,2587.0,53,281,108
2643,139,282,28,0.0,652.0,2016,4,29,4,0,0,0,2504.0,53,182,62
2635,80,214,302,0.0,1242.0,2016,5,2,0,0,0,1,2555.0,53,78,170
2635,65,251,292,0.0,964.0,2016,5,3,1,0,0,0,2570.0,6,170,98
2635,150,244,0,0.0,723.0,2016,5,4,2,0,1,0,2485.0,53,299,161
2635,101,233,344,0.0,1216.0,2016,5,9,0,0,0,0,2534.0,53,408,94
2635,53,252,350,0.0,1008.0,2016,5,10,1,0,0,0,2582.0,53,189,247
2635,60,266,0,0.0,915.0,2016,5,11,2,0,0,0,2575.0,19,122,173
2635,71,274,315,0.0,753.0,2016,5,12,3,0,0,0,2564.0,53,338,198
2635,185,268,80,0.0,761.0,2016,5,13,4,0,1,0,2450.0,53,152,68
2635,99,216,368,0.0,1180.0,2016,5,16,0,0,0,0,2536.0,53,111,8
2635,41,254,377,0.0,899.0,2016,5,17,1,0,0,0,2594.0,53,46,75
2635,71,257,0,0.0,856.0,2016,5,18,2,0,0,0,2564.0,32,354,107
2635,65,266,264,0.0,898.0,2016,5,19,3,0,0,0,2570.0,53,180,191
2635,169,287,56,0.0,653.0,2016,5,20,4,0,0,0,2466.0,53,92,168
2635,88,203,362,0.0,1160.0,2016,5,23,0,0,0,0,2547.0,53,247,132
2635,74,234,310,0.0,1107.0,2016,5,24,1,0,0,0,2561.0,53,63,262
2635,72,258,0,0.0,938.0,2016,5,25,2,0,0,0,2563.0,16,374,112
2635,64,285,227,0.0,783.0,2016,5,26,3,0,0,0,2571.0,53,30,162
2635,163,291,61,0.0,660.0,2016,5,27,4,0,0,0,2472.0,53,91,118
2635,73,215,291,0.0,1231.0,2016,5,30,0,0,0,0,2562.0,53,75,248
2635,50,250,185,0.0,921.0,2016,5,31,1,0,0,0,2585.0,53,78,27
2637,75,245,0,0.0,916.0,2016,6,1,2,0,0,0,2562.0,63,304,12
2637,81,258,301,0.0,850.0,2016,6,2,3,0,0,0,2556.0,53,170,195
2637,191,268,64,0.0,721.0,2016,6,3,4,0,0,0,2446.0,53,338,238
2637,115,192,389,0.0,1244.0,2016,6,7,1,0,0,1,2522.0,53,111,129
2637,58,240,0,0.0,931.0,2016,6,8,2,0,0,0,2579.0,53,267,239
2637,69,252,359,0.0,829.0,2016,6,9,3,0,0,0,2568.0,53,131,95
2637,151,270,61,0.0,697.0,2016,6,10,4,0,0,0,2486.0,53,299,68
2637,98,209,415,0.0,1243.0,2016,6,13,0,0,0,0,2539.0,53,325,132
2637,56,241,432,0.0,973.0,2016,6,14,1,0,0,0,2581.0,53,91,118
2637,60,260,0,0.0,984.0,2016,6,15,2,0,0,0,2577.0,72,140,82
2637,73,263,336,0.0,800.0,2016,6,16,3,0,0,0,2564.0,53,17,127
2637,165,291,60,0.0,694.0,2016,6,17,4,0,0,0,2472.0,53,108,39
2637,101,257,344,0.0,1146.0,2016,6,20,0,0,0,0,2536.0,53,143,182
2637,49,248,349,0.0,1091.0,2016,6,21,1,0,0,0,2588.0,53,24,56
2637,47,258,0,0.0,1022.0,2016,6,22,2,0,0,0,2590.0,53,102,172
2637,53,271,346,0.0,877.0,2016,6,23,3,0,0,0,2584.0,53,158,158
2637,169,284,52,0.0,805.0,2016,6,24,4,0,0,0,2468.0,53,175,60
2637,96,227,300,0.0,1142.0,2016,6,27,0,0,0,0,2541.0,53,408,118
2637,63,253,226,0.0,917.0,2016,6,28,1,0,0,0,2574.0,53,44,222
2637,67,248,0,0.0,820.0,2016,6,29,2,0,0,0,2570.0,53,21,247
2637,76,247,151,0.0,886.0,2016,6,30,3,0,0,0,2561.0,53,92,122
2643,145,215,41,0.0,879.0,2016,7,1,4,0,0,0,2498.0,53,312,163
2643,88,190,385,0.0,1292.0,2016,7,4,0,0,0,0,2555.0,53,189,8
2643,55,226,376,0.0,952.0,2016,7,5,1,0,0,0,2588.0,53,66,160
2643,56,224,0,0.0,939.0,2016,7,6,2,0,0,0,2587.0,6,80,6
2643,64,238,340,0.0,857.0,2016,7,7,3,0,0,0,2579.0,53,32,68
2643,155,260,60,0.0,863.0,2016,7,8,4,0,0,0,2488.0,53,27,213
2643,121,210,366,0.0,1115.0,2016,7,11,0,0,0,0,2522.0,53,111,274
2643,72,223,382,0.0,919.0,2016,7,12,1,0,0,0,2571.0,53,271,16
2643,79,241,0,0.0,866.0,2016,7,13,2,0,0,0,2564.0,15,196,194
2643,84,252,308,0.0,781.0,2016,7,14,3,0,0,0,2559.0,53,157,118
2643,189,261,55,0.0,867.0,2016,7,15,4,0,0,0,2454.0,53,137,129
2643,126,208,343,0.0,1158.0,2016,7,18,0,0,0,0,2517.0,53,116,168
2643,111,233,263,0.0,888.0,2016,7,19,1,0,0,0,2532.0,53,174,172
2643,124,238,0,0.0,844.0,2016,7,20,2,0,0,0,2519.0,53,182,139
2643,115,255,263,0.0,733.0,2016,7,21,3,0,0,0,2528.0,53,50,216
2643,251,272,47,0.0,661.0,2016,7,22,4,0,0,0,2392.0,71,39,107
2643,277,180,247,0.0,1086.0,2016,7,25,0,0,0,0,2366.0,53,194,160
2643,260,185,269,0.0,927.0,2016,7,26,1,0,0,0,2383.0,53,180,241
2643,299,192,0,0.0,872.0,2016,7,27,2,0,0,0,2344.0,53,128,170
2643,340,204,197,0.0,816.0,2016,7,28,3,0,0,0,2303.0,53,410,39
2643,486,207,36,0.0,671.0,2016,7,29,4,0,0,0,2157.0,60,68,60
2644,512,109,238,0.0,1055.0,2016,8,1,0,0,0,0,2132.0,53,30,128
2644,460,167,268,0.0,829.0,2016,8,2,1,0,0,0,2184.0,61,71,261
2644,485,183,0,0.0,802.0,2016,8,3,2,0,0,0,2159.0,53,143,123
2644,467,200,262,0.0,671.0,2016,8,4,3,0,0,0,2177.0,53,85,125
2644,538,212,46,0.0,641.0,2016,8,5,4,0,0,0,2106.0,53,159,68
2644,421,180,255,0.0,1038.0,2016,8,8,0,0,0,0,2223.0,53,312,272
2644,392,182,286,0.0,874.0,2016,8,9,1,0,0,0,2252.0,53,181,247
2644,411,188,0,0.0,842.0,2016,8,10,2,0,0,0,2233.0,53,317,140
2644,413,202,295,0.0,845.0,2016,8,11,3,0,0,0,2231.0,53,206,172
2644,587,215,60,0.0,708.0,2016,8,12,4,0,0,0,2057.0,28,214,82
2644,352,177,351,0.0,1023.0,2016,8,16,1,0,0,1,2292.0,53,48,52
2644,311,191,0,0.0,924.0,2016,8,17,2,0,0,0,2333.0,53,299,53
2644,274,215,364,0.0,943.0,2016,8,18,3,0,0,0,2370.0,53,26,191
2644,345,237,59,0.0,754.0,2016,8,19,4,0,0,0,2299.0,19,237,60
2644,115,159,458,0.0,1266.0,2016,8,22,0,0,0,0,2529.0,53,49,39
2644,86,211,386,0.0,1145.0,2016,8,23,1,0,0,0,2558.0,53,360,118
2644,113,209,0,0.0,941.0,2016,8,24,2,0,0,0,2531.0,53,87,264
2644,123,241,308,0.0,885.0,2016,8,25,3,0,0,0,2521.0,53,126,222
2644,194,269,70,0.0,813.0,2016,8,26,4,0,0,0,2450.0,53,146,79
2644,132,202,352,0.0,1258.0,2016,8,29,0,0,0,0,2512.0,53,239,168
2644,96,242,268,0.0,901.0,2016,8,30,1,0,0,0,2548.0,53,30,124
2644,98,236,0,0.0,915.0,2016,8,31,2,0,0,0,2546.0,17,37,6
2769,99,250,336,0.0,953.0,2016,9,1,3,0,0,0,2670.0,53,174,198
2769,177,279,76,0.0,832.0,2016,9,2,4,0,0,0,2592.0,53,93,173
2769,100,225,447,0.0,1164.0,2016,9,5,0,0,0,0,2669.0,53,299,161
2769,59,253,477,0.0,784.0,2016,9,6,1,0,0,0,2710.0,53,19,127
2769,65,241,0,0.0,926.0,2016,9,7,2,0,0,0,2704.0,6,116,71
2769,69,255,438,0.0,758.0,2016,9,8,3,0,0,0,2700.0,53,289,68
2769,137,288,86,0.0,682.0,2016,9,9,4,0,0,0,2632.0,53,309,281
2769,328,176,306,0.0,924.0,2016,9,12,0,0,0,0,2441.0,53,87,172
2769,511,108,52,0.0,820.0,2016,9,13,1,0,1,0,2258.0,53,152,255
2769,167,180,550,0.0,1271.0,2016,9,19,0,0,0,0,2602.0,53,295,182
2769,69,227,588,0.0,1039.0,2016,9,20,1,0,0,0,2700.0,53,143,186
2769,58,246,0,0.0,1068.0,2016,9,21,2,0,0,0,2711.0,63,74,261
2769,137,253,403,0.0,891.0,2016,9,22,3,0,0,0,2632.0,53,314,158
2769,165,278,99,0.0,716.0,2016,9,23,4,0,0,0,2604.0,53,237,198
2769,70,224,494,0.0,1185.0,2016,9,26,0,0,0,0,2699.0,53,311,179
2769,56,233,380,0.0,1033.0,2016,9,27,1,0,0,0,2713.0,53,25,48
2769,50,225,0,0.0,1128.0,2016,9,28,2,0,0,0,2719.0,72,218,82
2769,153,227,331,0.0,1044.0,2016,9,29,3,0,0,0,2616.0,53,120,68
2769,158,256,59,0.0,843.0,2016,9,30,4,0,0,0,2611.0,53,69,210
2670,59,239,1035,0.0,1262.0,2016,10,4,1,0,0,1,2611.0,53,189,118
2670,41,228,0,0.0,1336.0,2016,10,5,2,0,0,0,2629.0,53,157,238
2670,56,245,378,0.0,1196.0,2016,10,6,3,0,0,0,2614.0,53,384,108
2670,144,252,80,0.0,843.0,2016,10,7,4,0,0,0,2526.0,53,381,53
2670,104,216,443,0.0,1180.0,2016,10,10,0,0,0,1,2566.0,53,299,161
2670,69,256,386,0.0,1014.0,2016,10,11,1,0,0,0,2601.0,53,176,171
2670,64,251,0,0.0,951.0,2016,10,12,2,0,0,0,2606.0,33,229,260
2670,66,262,612,0.0,1051.0,2016,10,13,3,0,0,0,2604.0,53,146,79
2670,144,265,172,0.0,898.0,2016,10,14,4,0,0,0,2526.0,53,137,13
2670,107,241,425,0.0,1196.0,2016,10,17,0,0,0,0,2563.0,53,239,108
2670,53,262,394,0.0,994.0,2016,10,18,1,0,0,0,2617.0,53,183,39
2670,72,267,0,0.0,933.0,2016,10,19,2,0,0,0,2598.0,53,309,239
2670,105,269,281,0.0,787.0,2016,10,20,3,0,0,0,2565.0,53,65,61
2670,228,280,62,0.0,760.0,2016,10,21,4,0,0,0,2442.0,70,196,18
2670,120,223,367,0.0,1171.0,2016,10,24,0,0,0,0,2550.0,53,325,68
2670,73,259,345,0.0,1028.0,2016,10,25,1,0,0,0,2597.0,53,30,222
2670,89,258,0,0.0,854.0,2016,10,26,2,0,0,0,2581.0,6,97,118
2670,94,272,240,0.0,807.0,2016,10,27,3,0,0,0,2576.0,53,120,65
2670,192,277,63,0.0,731.0,2016,10,28,4,0,0,0,2478.0,53,48,123
2670,134,223,255,0.0,1224.0,2016,10,31,0,0,0,0,2536.0,53,248,27
2689,70,212,515,0.0,1087.0,2016,11,1,1,0,0,0,2619.0,53,78,181
2689,73,231,0,0.0,1006.0,2016,11,2,2,0,0,0,2616.0,74,406,6
2689,72,283,408,0.0,864.0,2016,11,3,3,0,0,0,2617.0,53,334,158
2689,168,276,81,0.0,803.0,2016,11,4,4,0,0,0,2521.0,53,167,139
2689,133,222,539,0.0,1156.0,2016,11,7,0,0,0,0,2556.0,53,312,198
2689,60,250,503,0.0,986.0,2016,11,8,1,0,0,0,2629.0,53,270,238
2689,58,267,0,0.0,920.0,2016,11,9,2,0,0,0,2631.0,19,49,39
2689,73,267,385,0.0,795.0,2016,11,10,3,0,0,0,2616.0,53,249,33
2689,173,286,69,0.0,652.0,2016,11,11,4,0,0,0,2516.0,53,360,179
2689,92,227,461,0.0,1260.0,2016,11,14,0,0,0,0,2597.0,53,233,182
2689,66,273,418,0.0,914.0,2016,11,15,1,0,0,0,2623.0,53,85,28
2689,60,250,0,0.0,888.0,2016,11,16,2,0,0,0,2629.0,24,310,232
2689,134,263,411,0.0,882.0,2016,11,17,3,0,0,0,2555.0,53,388,146
2689,219,287,57,0.0,730.0,2016,11,18,4,0,0,0,2470.0,53,267,253
2689,94,202,522,0.0,1235.0,2016,11,21,0,0,0,0,2595.0,53,75,173
2689,45,238,452,0.0,1046.0,2016,11,22,1,0,0,0,2644.0,53,248,53
2689,52,251,0,0.0,891.0,2016,11,23,2,0,0,0,2637.0,53,378,169
2689,61,262,351,0.0,870.0,2016,11,24,3,0,0,0,2628.0,53,333,163
2689,200,279,68,0.0,720.0,2016,11,25,4,0,0,0,2489.0,72,377,82
2689,114,219,397,0.0,1246.0,2016,11,28,0,0,0,0,2575.0,53,299,155
2689,84,218,388,0.0,900.0,2016,11,29,1,0,0,0,2605.0,53,325,26
2689,68,207,0,0.0,1109.0,2016,11,30,2,0,0,0,2621.0,15,355,6
2705,84,243,688,0.0,956.0,2016,12,1,3,0,0,0,2621.0,53,170,247
2705,183,272,152,0.0,766.0,2016,12,2,4,0,0,0,2522.0,53,279,79
2705,101,207,839,0.0,1110.0,2016,12,5,0,0,0,0,2604.0,53,408,168
2705,69,222,799,0.0,930.0,2016,12,6,1,0,0,0,2636.0,53,206,279
2705,69,232,0,0.0,895.0,2016,12,7,2,0,0,0,2636.0,70,391,219
2705,76,262,587,0.0,787.0,2016,12,8,3,0,0,0,2629.0,53,278,178
2705,196,284,152,0.0,621.0,2016,12,9,4,0,0,0,2509.0,53,210,237
2705,102,193,633,0.0,1069.0,2016,12,12,0,0,0,0,2603.0,53,111,248
2705,65,226,511,0.0,770.0,2016,12,13,1,0,0,0,2640.0,53,363,46
2705,82,247,0,0.0,904.0,2016,12,14,2,0,0,0,2623.0,37,41,6
2705,98,234,229,0.0,850.0,2016,12,15,3,0,0,0,2607.0,53,289,253
2705,167,262,37,0.0,699.0,2016,12,16,4,0,0,0,2538.0,53,30,161
2705,104,217,197,0.0,1215.0,2016,12,19,0,0,0,0,2601.0,53,333,118
2705,89,238,126,0.0,790.0,2016,12,20,1,0,0,0,2616.0,53,49,247
2705,72,230,0,0.0,929.0,2016,12,21,2,0,0,0,2633.0,53,145,68
2705,118,242,32,0.0,524.0,2016,12,22,3,0,0,0,2587.0,53,245,39
2705,343,243,7,0.0,560.0,2016,12,23,4,0,0,0,2362.0,53,140,185
2705,206,194,63,0.0,1192.0,2016,12,26,0,0,0,1,2499.0,53,107,65
2705,127,236,51,0.0,823.0,2016,12,27,1,0,0,0,2578.0,53,78,191
2705,166,225,0,0.0,767.0,2016,12,28,2,0,0,0,2539.0,74,184,6
2705,242,201,42,0.0,711.0,2016,12,29,3,0,0,0,2463.0,53,301,172
2705,529,127,3,0.0,658.0,2016,12,30,4,0,0,0,2176.0,53,259,168
2697,96,102,272,0.0,1273.0,2017,1,2,0,0,0,1,2601.0,53,241,137
2697,61,158,259,0.0,1041.0,2017,1,3,1,0,0,0,2636.0,53,151,279
2697,67,170,0,0.0,949.0,2017,1,4,2,0,0,0,2630.0,6,125,280
2697,79,207,316,0.0,1000.0,2017,1,5,3,0,0,0,2618.0,53,55,222
2697,189,224,74,0.0,830.0,2017,1,6,4,0,0,0,2508.0,53,143,68
2697,121,166,445,0.0,1322.0,2017,1,9,0,0,0,0,2576.0,53,129,247
2697,70,199,412,0.0,1186.0,2017,1,10,1,0,0,0,2627.0,53,328,160
2697,57,223,0,0.0,1039.0,2017,1,11,2,0,0,0,2640.0,30,220,261
2697,85,238,305,0.0,976.0,2017,1,12,3,0,0,0,2612.0,53,149,182
2697,191,247,62,0.0,791.0,2017,1,13,4,0,0,0,2506.0,53,181,234
2697,123,196,432,0.0,1273.0,2017,1,16,0,0,0,0,2574.0,53,301,186
2697,75,215,380,0.0,1035.0,2017,1,17,1,0,0,0,2622.0,53,248,168
2697,59,240,0,0.0,863.0,2017,1,18,2,0,0,0,2638.0,53,408,178
2697,93,236,334,0.0,866.0,2017,1,19,3,0,0,0,2604.0,53,311,163
2697,207,267,61,0.0,709.0,2017,1,20,4,0,0,0,2490.0,53,19,51
2697,108,202,396,0.0,1152.0,2017,1,23,0,0,0,0,2589.0,53,87,47
2697,63,218,273,0.0,974.0,2017,1,24,1,0,0,0,2634.0,53,107,181
2697,79,203,0,0.0,720.0,2017,1,25,2,0,0,0,2618.0,72,309,82
2697,369,117,28,0.0,844.0,2017,1,26,3,0,1,0,2328.0,53,231,118
2697,177,58,278,0.0,1240.0,2017,1,31,1,0,0,1,2520.0,53,287,108
2632,61,179,0,0.0,1260.0,2017,2,1,2,0,0,0,2571.0,53,50,171
2632,45,217,427,0.0,1005.0,2017,2,2,3,0,0,0,2587.0,53,272,23
2632,104,253,92,0.0,854.0,2017,2,3,4,0,0,0,2528.0,53,232,247
2632,49,202,610,0.0,1319.0,2017,2,6,0,0,0,0,2583.0,53,78,46
2632,40,207,565,0.0,1114.0,2017,2,7,1,0,0,0,2592.0,53,310,53
2632,52,206,0,0.0,1068.0,2017,2,8,2,0,0,0,2580.0,74,92,82
2632,65,227,377,0.0,953.0,2017,2,9,3,0,0,0,2567.0,53,259,117
2632,149,284,59,0.0,797.0,2017,2,10,4,0,0,0,2483.0,64,55,152
2632,61,196,505,0.0,1364.0,2017,2,13,0,0,0,0,2571.0,53,325,160
2632,53,223,444,0.0,997.0,2017,2,14,1,0,0,0,2579.0,53,329,68
2632,51,233,0,0.0,1045.0,2017,2,15,2,0,0,0,2581.0,53,271,78
2632,56,240,419,0.0,968.0,2017,2,16,3,0,0,0,2576.0,53,239,279
2632,144,269,73,0.0,753.0,2017,2,17,4,0,0,0,2488.0,53,137,182
2632,104,199,494,0.0,1216.0,2017,2,20,0,0,0,0,2528.0,53,129,191
2632,63,226,445,0.0,1004.0,2017,2,21,1,0,0,0,2569.0,53,72,123
2632,75,252,0,0.0,1065.0,2017,2,22,2,0,0,0,2557.0,15,227,219
2632,75,272,307,0.0,917.0,2017,2,23,3,0,0,0,2557.0,53,131,247
2632,174,291,63,0.0,698.0,2017,2,24,4,0,0,0,2458.0,53,59,163
2632,134,181,368,0.0,1141.0,2017,2,27,0,0,0,0,2498.0,53,408,126
2632,156,203,179,0.0,956.0,2017,2,28,1,0,1,0,2476.0,53,286,137
2627,190,215,428,0.0,1057.0,2017,3,2,3,0,0,1,2437.0,53,380,62
2627,174,256,70,0.0,926.0,2017,3,3,4,0,0,0,2453.0,72,180,82
2627,63,201,490,0.0,1311.0,2017,3,6,0,0,0,0,2564.0,53,268,182
2627,41,214,455,0.0,994.0,2017,3,7,1,0,0,0,2586.0,53,122,256
2627,46,233,0,0.0,879.0,2017,3,8,2,0,0,0,2581.0,8,299,105
2627,55,254,346,0.0,954.0,2017,3,9,3,0,0,0,2572.0,53,146,178
2627,145,291,63,0.0,664.0,2017,3,10,4,0,0,0,2482.0,53,399,188
2627,82,211,449,0.0,1295.0,2017,3,13,0,0,0,0,2545.0,53,189,198
2627,46,230,437,0.0,972.0,2017,3,14,1,0,0,0,2581.0,53,184,65
2627,40,234,0,0.0,961.0,2017,3,15,2,0,0,0,2587.0,53,279,26
2627,47,259,357,0.0,951.0,2017,3,16,3,0,0,0,2580.0,53,111,204
2627,129,299,59,0.0,625.0,2017,3,17,4,0,0,0,2498.0,53,350,21
2627,86,207,390,0.0,1328.0,2017,3,20,0,0,0,0,2541.0,53,367,178
2627,55,222,454,0.0,940.0,2017,3,21,1,0,0,0,2572.0,53,249,46
2627,53,235,0,0.0,953.0,2017,3,22,2,0,0,0,2574.0,53,309,62
2627,62,245,321,0.0,911.0,2017,3,23,3,0,0,0,2565.0,53,131,244
2627,181,279,50,0.0,644.0,2017,3,24,4,0,0,0,2446.0,53,49,53
2627,105,242,360,0.0,1114.0,2017,3,27,0,0,0,0,2522.0,53,237,181
2627,44,248,368,0.0,970.0,2017,3,28,1,0,0,0,2583.0,53,329,153
2627,42,237,0,0.0,966.0,2017,3,29,2,0,0,0,2585.0,26,286,261
2627,67,278,223,0.0,802.0,2017,3,30,3,0,0,0,2560.0,53,196,132
2627,147,296,45,0.0,639.0,2017,3,31,4,0,0,0,2480.0,53,228,159
2626,81,198,465,0.0,1258.0,2017,4,3,0,0,0,0,2545.0,53,405,39
2626,54,212,418,0.0,809.0,2017,4,4,1,0,0,0,2572.0,53,250,68
2626,63,251,0,0.0,1060.0,2017,4,5,2,0,0,0,2563.0,70,310,81
2626,65,271,317,0.0,897.0,2017,4,6,3,0,0,0,2561.0,53,146,26
2626,151,291,67,0.0,602.0,2017,4,7,4,0,0,0,2475.0,53,180,222
2626,81,229,418,0.0,1218.0,2017,4,10,0,0,0,0,2545.0,53,241,185
2626,44,234,440,0.0,994.0,2017,4,11,1,0,0,0,2582.0,53,391,32
2626,41,241,0,0.0,893.0,2017,4,12,2,0,0,0,2585.0,53,206,73
2626,61,270,318,0.0,784.0,2017,4,13,3,0,0,0,2565.0,53,85,280
2626,122,298,55,0.0,541.0,2017,4,14,4,0,0,0,2504.0,53,299,161
2626,82,220,434,0.0,1237.0,2017,4,17,0,0,0,0,2544.0,53,111,68
2626,57,244,405,0.0,839.0,2017,4,18,1,0,0,0,2569.0,53,249,78
2626,36,256,0,0.0,871.0,2017,4,19,2,0,0,0,2590.0,6,374,82
2626,44,288,284,0.0,713.0,2017,4,20,3,0,0,0,2582.0,53,137,178
2626,137,307,59,0.0,547.0,2017,4,21,4,0,0,0,2489.0,53,189,248
2626,76,260,373,0.0,1109.0,2017,4,24,0,0,0,0,2550.0,53,286,127
2626,69,288,336,0.0,791.0,2017,4,25,1,0,0,0,2557.0,53,80,238
2626,45,304,0,0.0,835.0,2017,4,26,2,0,0,0,2581.0,30,304,82
2626,61,311,183,0.0,788.0,2017,4,27,3,0,0,0,2565.0,53,163,108
2626,161,310,44,0.0,575.0,2017,4,28,4,0,0,0,2465.0,53,375,38
2637,933,123,88,0.0,525.0,2017,5,2,1,0,1,1,1704.0,53,409,239
2637,1224,41,45,0.0,383.0,2017,5,4,3,0,1,1,1413.0,53,78,73
2637,715,130,151,0.0,792.0,2017,5,8,0,1,1,0,1922.0,53,250,21
2637,68,223,0,0.0,1235.0,2017,5,10,2,0,0,1,2569.0,53,325,68
2637,57,264,471,0.0,829.0,2017,5,11,3,0,0,0,2580.0,53,72,244
2637,113,289,96,0.0,817.0,2017,5,12,4,0,0,0,2524.0,53,309,205
2637,63,224,516,0.0,1203.0,2017,5,15,0,0,0,0,2574.0,53,113,253
2637,41,266,486,0.0,890.0,2017,5,16,1,0,0,0,2596.0,53,299,161
2637,46,268,0,0.0,864.0,2017,5,17,2,0,0,0,2591.0,53,249,191
2637,60,287,343,0.0,796.0,2017,5,18,3,0,0,0,2577.0,53,55,127
2637,146,305,81,0.0,662.0,2017,5,19,4,0,0,0,2491.0,53,270,144
2637,63,240,504,0.0,1207.0,2017,5,22,0,0,0,0,2574.0,53,325,171
2637,47,257,429,0.0,889.0,2017,5,23,1,0,0,0,2590.0,53,23,147
2637,49,277,0,0.0,852.0,2017,5,24,2,0,0,0,2588.0,74,44,28
2637,57,290,320,0.0,838.0,2017,5,25,3,0,0,0,2580.0,53,292,78
2637,164,302,60,0.0,597.0,2017,5,26,4,0,0,0,2473.0,53,328,247
2637,88,240,394,0.0,1193.0,2017,5,29,0,0,0,0,2549.0,53,239,280
2637,57,256,293,0.0,821.0,2017,5,30,1,0,0,0,2580.0,53,128,186
2637,43,265,0,0.0,910.0,2017,5,31,2,0,0,0,2594.0,61,373,6
2648,66,265,317,0.0,914.0,2017,6,1,3,0,0,0,2582.0,53,137,194
2648,165,293,77,0.0,699.0,2017,6,2,4,0,0,0,2483.0,53,209,62
2648,633,150,174,0.0,760.0,2017,6,5,0,1,1,0,2015.0,53,111,26
2648,75,228,0,0.0,1127.0,2017,6,7,2,0,0,1,2573.0,53,408,247
2648,63,274,423,0.0,857.0,2017,6,8,3,0,0,0,2585.0,53,180,186
2648,130,294,67,0.0,715.0,2017,6,9,4,0,0,0,2518.0,53,59,273
2648,87,209,529,0.0,1140.0,2017,6,12,0,0,0,0,2561.0,53,248,190
2648,47,234,451,0.0,916.0,2017,6,13,1,0,0,0,2601.0,53,334,60
2648,55,253,0,0.0,907.0,2017,6,14,2,0,0,0,2593.0,8,354,6
2648,64,268,318,0.0,763.0,2017,6,15,3,0,0,0,2584.0,53,30,161
2648,164,305,62,0.0,644.0,2017,6,16,4,0,0,0,2484.0,53,200,179
2648,102,226,455,0.0,1126.0,2017,6,19,0,0,0,0,2546.0,53,312,78
2648,66,253,429,0.0,888.0,2017,6,20,1,0,0,0,2582.0,53,46,197
2648,60,269,0,0.0,982.0,2017,6,21,2,0,0,0,2588.0,73,286,220
2648,69,273,317,0.0,875.0,2017,6,22,3,0,0,0,2579.0,53,391,160
2648,162,290,57,0.0,609.0,2017,6,23,4,0,0,0,2486.0,53,78,40
2648,112,237,374,0.0,1147.0,2017,6,26,0,0,0,0,2536.0,53,407,238
2648,59,256,309,0.0,973.0,2017,6,27,1,0,0,0,2589.0,53,299,132
2648,58,259,0,0.0,745.0,2017,6,28,2,0,0,0,2590.0,74,207,186
2648,66,266,209,0.0,814.0,2017,6,29,3,0,0,0,2582.0,53,27,213
2648,188,296,34,0.0,695.0,2017,6,30,4,0,0,0,2460.0,53,149,35
2839,66,214,414,0.0,1231.0,2017,7,3,0,0,0,0,2773.0,53,333,247
2839,50,247,368,0.0,962.0,2017,7,4,1,0,0,0,2789.0,53,72,118
2839,46,260,0,0.0,912.0,2017,7,5,2,0,0,0,2793.0,69,310,18
2839,72,268,341,0.0,821.0,2017,7,6,3,0,0,0,2767.0,53,137,179
2839,146,288,73,0.0,613.0,2017,7,7,4,0,0,0,2693.0,53,309,194
2839,98,215,406,0.0,1084.0,2017,7,10,0,0,0,0,2741.0,53,189,247
2839,62,232,380,0.0,866.0,2017,7,11,1,0,0,0,2777.0,53,328,182
2839,69,263,0,0.0,918.0,2017,7,12,2,0,0,0,2770.0,2,342,141
2839,79,277,311,0.0,765.0,2017,7,13,3,0,0,0,2760.0,53,131,26
2839,209,286,57,0.0,613.0,2017,7,14,4,0,0,0,2630.0,53,32,127
2839,132,212,424,0.0,1168.0,2017,7,17,0,0,0,0,2707.0,53,109,98
2839,98,239,419,0.0,916.0,2017,7,18,1,0,0,0,2741.0,53,23,191
2839,79,259,0,0.0,830.0,2017,7,19,2,0,0,0,2760.0,13,283,82
2839,90,278,270,0.0,750.0,2017,7,20,3,0,0,0,2749.0,53,297,151
2839,206,301,46,0.0,648.0,2017,7,21,4,0,0,0,2633.0,53,184,52
2839,237,211,401,0.0,1119.0,2017,7,24,0,0,0,0,2602.0,53,367,184
2839,214,243,272,0.0,827.0,2017,7,25,1,0,0,0,2625.0,53,19,68
2839,254,246,0,0.0,797.0,2017,7,26,2,0,0,0,2585.0,15,379,107
2839,334,240,221,0.0,804.0,2017,7,27,3,0,0,0,2505.0,53,271,250
2839,419,264,46,0.0,501.0,2017,7,28,4,0,0,0,2420.0,53,328,161
2839,524,156,192,0.0,945.0,2017,7,31,0,0,0,0,2315.0,53,248,190
2645,466,181,320,0.0,745.0,2017,8,1,1,0,0,0,2179.0,53,391,127
2645,454,188,0,0.0,799.0,2017,8,2,2,0,0,0,2191.0,53,180,39
2645,451,207,301,0.0,776.0,2017,8,3,3,0,0,0,2194.0,53,92,195
2645,544,238,55,0.0,668.0,2017,8,4,4,0,0,0,2101.0,53,325,247
2645,428,168,351,0.0,1078.0,2017,8,7,0,0,0,0,2217.0,53,241,182
2645,414,207,350,0.0,842.0,2017,8,8,1,0,0,0,2231.0,53,78,108
2645,428,210,0,0.0,946.0,2017,8,9,2,0,0,0,2217.0,53,259,60
2645,438,228,292,0.0,777.0,2017,8,10,3,0,0,0,2207.0,53,30,62
2645,566,240,66,0.0,710.0,2017,8,11,4,0,0,0,2079.0,53,117,21
2645,863,131,114,0.0,692.0,2017,8,14,0,1,1,0,1782.0,53,333,68
2645,403,180,0,0.0,973.0,2017,8,16,2,0,0,1,2242.0,53,301,158
2645,357,221,380,0.0,823.0,2017,8,17,3,0,0,0,2288.0,53,149,78
2645,396,272,61,0.0,731.0,2017,8,18,4,0,0,0,2249.0,70,390,82
2645,74,169,618,0.0,1232.0,2017,8,21,0,0,0,0,2571.0,53,234,232
2645,74,213,484,0.0,1053.0,2017,8,22,1,0,0,0,2571.0,53,382,264
2645,72,215,0,0.0,953.0,2017,8,23,2,0,0,0,2573.0,8,17,6
2645,78,259,344,0.0,843.0,2017,8,24,3,0,0,0,2567.0,53,327,161
2645,164,310,55,0.0,594.0,2017,8,25,4,0,0,0,2481.0,53,184,181
2645,169,225,337,0.0,1191.0,2017,8,28,0,0,0,0,2476.0,53,107,247
2645,121,260,294,0.0,877.0,2017,8,29,1,0,0,0,2524.0,53,78,118
2645,116,270,0,0.0,898.0,2017,8,30,2,0,0,0,2529.0,32,286,107
2645,110,281,189,0.0,852.0,2017,8,31,3,0,0,0,2535.0,53,55,222
2642,177,303,45,0.0,663.0,2017,9,1,4,0,0,0,2465.0,53,408,172
2642,113,243,416,0.0,1168.0,2017,9,4,0,0,0,0,2529.0,53,189,130
2642,74,265,390,0.0,924.0,2017,9,5,1,0,0,0,2568.0,53,137,190
2642,69,275,0,0.0,922.0,2017,9,6,2,0,0,0,2573.0,53,146,39
2642,78,279,358,0.0,926.0,2017,9,7,3,0,0,0,2564.0,53,301,160
2642,155,305,66,0.0,662.0,2017,9,8,4,0,0,0,2487.0,53,129,191
2642,101,203,478,0.0,1350.0,2017,9,11,0,0,0,0,2541.0,53,312,173
2642,72,242,430,0.0,993.0,2017,9,12,1,0,0,0,2570.0,53,391,238
2642,57,253,0,0.0,945.0,2017,9,13,2,0,0,0,2585.0,73,140,107
2642,68,291,317,0.0,860.0,2017,9,14,3,0,0,0,2574.0,53,93,20
2642,198,290,70,0.0,602.0,2017,9,15,4,0,0,0,2444.0,53,76,239
2642,93,220,501,0.0,1214.0,2017,9,18,0,0,0,0,2549.0,53,286,266
2642,49,246,432,0.0,958.0,2017,9,19,1,0,0,0,2593.0,53,232,74
2642,62,279,0,0.0,890.0,2017,9,20,2,0,0,0,2580.0,74,35,5
2642,70,280,334,0.0,820.0,2017,9,21,3,0,0,0,2572.0,53,64,161
2642,174,291,67,0.0,735.0,2017,9,22,4,0,0,0,2468.0,53,270,244
2642,97,258,385,0.0,1099.0,2017,9,25,0,0,0,0,2545.0,53,333,26
2642,81,261,342,0.0,902.0,2017,9,26,1,0,0,0,2561.0,53,78,174
2642,70,265,0,0.0,1023.0,2017,9,27,2,0,0,0,2572.0,53,200,247
2642,102,263,202,0.0,589.0,2017,9,28,3,0,0,0,2540.0,53,157,238
2642,214,248,22,0.0,760.0,2017,9,29,4,0,0,0,2428.0,53,251,108
2645,105,209,641,0.0,1265.0,2017,10,10,1,0,0,1,2540.0,53,408,178
2645,60,250,0,0.0,1109.0,2017,10,11,2,0,0,0,2585.0,53,143,21
2645,46,269,1017,0.0,989.0,2017,10,12,3,0,0,0,2599.0,53,93,264
2645,63,268,86,0.0,1015.0,2017,10,13,4,0,0,0,2582.0,53,301,158
2645,90,225,464,0.0,1173.0,2017,10,16,0,0,0,0,2555.0,53,325,238
2645,56,258,453,0.0,848.0,2017,10,17,1,0,0,0,2589.0,53,48,26
2645,45,270,0,0.0,814.0,2017,10,18,2,0,0,0,2600.0,53,257,113
2645,67,282,341,0.0,901.0,2017,10,19,3,0,0,0,2578.0,53,309,143
2645,190,301,53,0.0,533.0,2017,10,20,4,0,0,0,2455.0,53,399,157
2645,116,250,435,0.0,1115.0,2017,10,23,0,0,0,0,2529.0,53,189,247
2645,65,258,400,0.0,1037.0,2017,10,24,1,0,0,0,2580.0,53,334,118
2645,75,289,0,0.0,786.0,2017,10,25,2,0,0,0,2570.0,8,32,6
2645,101,302,251,0.0,824.0,2017,10,26,3,0,0,0,2544.0,53,354,222
2645,210,309,57,0.0,567.0,2017,10,27,4,0,0,0,2435.0,53,131,170
2645,124,250,374,0.0,1150.0,2017,10,30,0,0,0,0,2521.0,53,78,78
2645,63,290,238,0.0,955.0,2017,10,31,1,0,0,0,2582.0,53,102,26
2644,63,279,0,0.0,815.0,2017,11,1,2,0,0,0,2581.0,72,36,82
2644,53,304,333,0.0,854.0,2017,11,2,3,0,0,0,2591.0,53,299,137
2644,173,304,58,0.0,644.0,2017,11,3,4,0,0,0,2471.0,53,75,68
2644,93,244,452,0.0,1167.0,2017,11,6,0,0,0,0,2551.0,53,333,244
2644,75,268,462,0.0,943.0,2017,11,7,1,0,0,0,2569.0,53,259,198
2644,60,276,0,0.0,780.0,2017,11,8,2,0,0,0,2584.0,74,286,112
2644,90,287,347,0.0,797.0,2017,11,9,3,0,0,0,2554.0,53,149,264
2644,184,292,56,0.0,630.0,2017,11,10,4,0,0,0,2460.0,53,137,201
2644,107,240,525,0.0,1017.0,2017,11,13,0,0,0,0,2537.0,53,234,170
2644,78,269,388,0.0,924.0,2017,11,14,1,0,0,0,2566.0,53,131,143
2644,87,276,0,0.0,895.0,2017,11,15,2,0,0,0,2557.0,7,55,243
2644,129,283,347,0.0,736.0,2017,11,16,3,0,0,0,2515.0,53,338,129
2644,213,311,58,0.0,640.0,2017,11,17,4,0,0,0,2431.0,53,180,253
2644,107,237,517,0.0,1115.0,2017,11,20,0,0,0,0,2537.0,53,299,238
2644,77,256,435,0.0,954.0,2017,11,21,1,0,0,0,2567.0,53,271,182
2644,64,277,0,0.0,817.0,2017,11,22,2,0,0,0,2580.0,19,122,6
2644,122,288,305,0.0,758.0,2017,11,23,3,0,0,0,2522.0,53,30,158
2644,210,303,63,0.0,563.0,2017,11,24,4,0,0,0,2434.0,53,111,39
2644,132,262,402,0.0,1065.0,2017,11,27,0,0,0,0,2512.0,53,189,178
2644,112,265,347,0.0,929.0,2017,11,28,1,0,0,0,2532.0,53,196,190
2644,78,261,0,0.0,903.0,2017,11,29,2,0,0,0,2566.0,15,365,107
2644,97,267,256,0.0,781.0,2017,11,30,3,0,0,0,2547.0,53,325,78
2665,243,268,136,0.0,660.0,2017,12,1,4,0,0,0,2422.0,53,338,66
2665,117,206,868,0.0,1142.0,2017,12,4,0,0,0,0,2548.0,53,124,72
2665,60,225,871,0.0,939.0,2017,12,5,1,0,0,0,2605.0,53,72,149
2665,78,254,0,0.0,860.0,2017,12,6,2,0,0,0,2587.0,74,222,220
2665,98,270,608,0.0,740.0,2017,12,7,3,0,0,0,2567.0,53,88,126
2665,169,304,141,0.0,682.0,2017,12,8,4,0,0,0,2496.0,53,184,127
2665,93,219,748,0.0,1165.0,2017,12,11,0,0,0,0,2572.0,53,111,264
2665,73,237,604,0.0,884.0,2017,12,12,1,0,0,0,2592.0,53,391,238
2665,67,246,0,0.0,978.0,2017,12,13,2,0,0,0,2598.0,73,140,107
2665,105,266,309,0.0,875.0,2017,12,14,3,0,0,0,2560.0,53,169,210
2665,208,288,48,0.0,618.0,2017,12,15,4,0,0,0,2457.0,53,382,78
2665,140,230,156,0.0,1149.0,2017,12,18,0,0,0,0,2525.0,53,189,198
2665,109,269,146,0.0,715.0,2017,12,19,1,0,0,0,2556.0,53,329,50
2665,108,262,0,0.0,814.0,2017,12,20,2,0,0,0,2557.0,53,129,113
2665,127,262,102,0.0,692.0,2017,12,21,3,0,0,0,2538.0,53,408,168
2665,239,270,34,0.0,565.0,2017,12,22,4,0,0,0,2426.0,53,22,247
2665,267,227,62,0.0,915.0,2017,12,26,1,0,0,1,2398.0,53,286,39
2665,169,255,0,0.0,571.0,2017,12,27,2,0,0,0,2496.0,53,299,160
2665,240,260,55,0.0,311.0,2017,12,28,3,0,0,0,2425.0,53,131,179
2665,489,242,5,0.0,394.0,2017,12,29,4,0,0,0,2176.0,53,88,182
2655,73,102,301,0.0,1148.0,2018,1,2,1,0,0,1,2582.0,53,384,137
2655,60,207,0,0.0,883.0,2018,1,3,2,0,0,0,2595.0,7,55,242
2655,67,226,326,0.0,893.0,2018,1,4,3,0,0,0,2588.0,53,325,244
2655,152,246,58,0.0,762.0,2018,1,5,4,0,0,0,2503.0,53,59,127
2655,100,194,377,0.0,1178.0,2018,1,8,0,0,0,0,2555.0,53,239,280
2655,70,215,298,0.0,816.0,2018,1,9,1,0,0,0,2585.0,53,285,26
2655,58,210,0,0.0,865.0,2018,1,10,2,0,0,0,2597.0,74,49,82
2655,73,238,337,0.0,911.0,2018,1,11,3,0,0,0,2582.0,53,298,126
2655,163,266,59,0.0,679.0,2018,1,12,4,0,0,0,2492.0,53,168,238
2655,112,192,443,0.0,1256.0,2018,1,15,0,0,0,0,2543.0,53,312,178
2655,73,216,405,0.0,1076.0,2018,1,16,1,0,0,0,2582.0,53,180,39
2655,70,223,0,0.0,969.0,2018,1,17,2,0,0,0,2585.0,15,354,6
2655,98,233,325,0.0,830.0,2018,1,18,3,0,0,0,2557.0,53,249,68
2655,224,275,77,0.0,654.0,2018,1,19,4,0,0,0,2431.0,53,374,222
2655,103,211,371,0.0,1241.0,2018,1,22,0,0,0,0,2552.0,53,248,130
2655,66,230,297,0.0,872.0,2018,1,23,1,0,0,0,2589.0,53,299,171
2655,51,224,0,0.0,845.0,2018,1,24,2,0,0,0,2604.0,69,53,82
2655,57,225,261,0.0,754.0,2018,1,25,3,0,0,0,2598.0,53,111,33
2655,166,262,43,0.0,722.0,2018,1,26,4,0,0,0,2489.0,53,271,190
2655,70,192,454,0.0,1417.0,2018,1,29,0,0,0,0,2585.0,53,16,126
2655,60,216,433,0.0,1054.0,2018,1,30,1,0,0,0,2595.0,53,87,182
2655,56,223,0,0.0,1138.0,2018,1,31,2,0,0,0,2599.0,13,283,107
2707,73,254,401,0.0,1002.0,2018,2,1,3,0,0,0,2634.0,53,161,52
2707,153,278,88,0.0,760.0,2018,2,2,4,0,0,0,2554.0,53,382,238
2707,76,213,560,0.0,1372.0,2018,2,5,0,0,0,0,2631.0,53,118,168
2707,50,235,491,0.0,1085.0,2018,2,6,1,0,0,0,2657.0,53,249,264
2707,59,253,0,0.0,1107.0,2018,2,7,2,0,0,0,2648.0,74,286,220
2707,71,273,378,0.0,984.0,2018,2,8,3,0,0,0,2636.0,53,128,191
2707,149,296,86,0.0,724.0,2018,2,9,4,0,0,0,2558.0,53,399,127
2707,103,244,476,0.0,1251.0,2018,2,12,0,0,0,0,2604.0,53,78,238
2707,106,235,371,0.0,955.0,2018,2,13,1,0,0,0,2601.0,53,196,179
2707,418,159,0,0.0,850.0,2018,2,14,2,0,1,0,2289.0,53,189,79
2707,255,171,604,0.0,1298.0,2018,2,19,0,0,0,0,2452.0,53,408,73
2707,82,231,521,0.0,1105.0,2018,2,20,1,0,0,0,2625.0,53,333,118
2707,74,243,0,0.0,1087.0,2018,2,21,2,0,0,0,2633.0,72,39,82
2707,82,277,400,0.0,988.0,2018,2,22,3,0,0,0,2625.0,53,146,247
2707,161,304,69,0.0,651.0,2018,2,23,4,0,0,0,2546.0,53,137,171
2707,105,231,491,0.0,1192.0,2018,2,26,0,0,0,0,2602.0,53,237,280
2707,81,263,332,0.0,934.0,2018,2,27,1,0,0,0,2626.0,53,131,179
2707,134,278,0,0.0,786.0,2018,2,28,2,0,1,0,2573.0,8,357,182
2714,840,206,57,0.0,508.0,2018,3,2,4,1,0,1,1874.0,49,326,237
2714,92,211,593,0.0,1355.0,2018,3,5,0,0,0,0,2622.0,53,238,266
2714,54,242,547,0.0,1020.0,2018,3,6,1,0,0,0,2660.0,53,80,27
2714,41,238,0,0.0,1057.0,2018,3,7,2,0,0,0,2673.0,74,207,5
2714,38,268,406,0.0,973.0,2018,3,8,3,0,0,0,2676.0,53,292,279
2714,123,294,77,0.0,716.0,2018,3,9,4,0,0,0,2591.0,53,329,161
2714,69,217,591,0.0,1361.0,2018,3,12,0,0,0,0,2645.0,53,189,118
2714,39,249,556,0.0,997.0,2018,3,13,1,0,0,0,2675.0,53,184,158
2714,56,245,0,0.0,948.0,2018,3,14,2,0,0,0,2658.0,53,374,171
2714,47,270,359,0.0,975.0,2018,3,15,3,0,0,0,2667.0,53,85,66
2714,135,302,75,0.0,707.0,2018,3,16,4,0,0,0,2579.0,53,299,185
2714,80,224,503,0.0,1159.0,2018,3,19,0,0,0,0,2634.0,53,106,182
2714,46,246,445,0.0,1040.0,2018,3,20,1,0,0,0,2668.0,53,391,68
2714,45,263,0,0.0,1092.0,2018,3,21,2,0,0,0,2669.0,53,88,160
2714,56,290,327,0.0,899.0,2018,3,22,3,0,0,0,2658.0,53,363,210
2714,174,307,51,0.0,759.0,2018,3,23,4,0,0,0,2540.0,53,259,191
2714,125,226,448,0.0,1276.0,2018,3,26,0,0,0,0,2589.0,53,78,238
2714,52,258,408,0.0,1005.0,2018,3,27,1,0,0,0,2662.0,53,137,247
2714,45,252,0,0.0,926.0,2018,3,28,2,0,0,0,2669.0,20,309,219
2714,51,273,302,0.0,936.0,2018,3,29,3,0,0,0,2663.0,53,49,187
2714,196,296,43,0.0,616.0,2018,3,30,4,0,0,0,2518.0,53,329,239
2714,83,224,481,0.0,1212.0,2018,4,2,0,0,0,0,2631.0,53,232,74
2714,56,266,438,0.0,800.0,2018,4,3,1,0,0,0,2658.0,53,286,63
2714,64,267,0,0.0,903.0,2018,4,4,2,0,0,0,2650.0,8,92,6
2714,69,285,378,0.0,849.0,2018,4,5,3,0,0,0,2645.0,53,144,177
2714,220,295,49,0.0,741.0,2018,4,6,4,0,0,0,2494.0,53,280,163
2714,118,221,523,0.0,1283.0,2018,4,9,0,0,0,0,2596.0,53,325,247
2714,66,256,420,0.0,855.0,2018,4,10,1,0,0,0,2648.0,53,238,113
2714,23,239,0,0.0,804.0,2018,4,11,2,0,0,0,2691.0,53,299,178
2714,40,268,384,0.0,796.0,2018,4,12,3,0,0,0,2674.0,53,364,168
2714,164,292,45,0.0,652.0,2018,4,13,4,0,0,0,2550.0,53,274,26
2714,84,234,484,0.0,1195.0,2018,4,16,0,0,0,0,2630.0,53,333,118
2714,39,261,413,0.0,900.0,2018,4,17,1,0,0,0,2675.0,53,408,98
2714,49,268,0,0.0,922.0,2018,4,18,2,0,0,0,2665.0,74,354,191
2714,98,288,285,0.0,846.0,2018,4,19,3,0,0,0,2616.0,53,106,181
2714,194,303,42,0.0,605.0,2018,4,20,4,0,0,0,2520.0,53,19,62
2714,89,235,440,0.0,1246.0,2018,4,23,0,0,0,0,2625.0,53,144,247
2714,60,274,360,0.0,940.0,2018,4,24,1,0,0,0,2654.0,53,59,160
2714,66,285,0,0.0,851.0,2018,4,25,2,0,0,0,2648.0,30,304,219
2714,69,293,266,0.0,761.0,2018,4,26,3,0,0,0,2645.0,53,86,172
2714,205,304,40,0.0,674.0,2018,4,27,4,0,0,0,2509.0,53,200,168
2714,646,180,107,0.0,629.0,2018,4,30,0,1,1,0,2068.0,53,85,182
2721,110,247,0,0.0,1137.0,2018,5,2,2,0,0,1,2611.0,13,283,219
2721,102,296,332,0.0,883.0,2018,5,3,3,0,0,0,2619.0,53,262,60
2721,241,284,57,0.0,630.0,2018,5,4,4,0,1,0,2480.0,53,368,99
2721,133,231,590,0.0,1225.0,2018,5,8,1,0,0,1,2588.0,53,189,118
2721,86,269,0,0.0,919.0,2018,5,9,2,0,0,0,2635.0,53,374,62
2721,80,291,369,0.0,763.0,2018,5,10,3,0,0,0,2641.0,53,111,26
2721,183,296,48,0.0,602.0,2018,5,11,4,0,0,0,2538.0,53,299,152
2721,100,229,490,0.0,1229.0,2018,5,14,0,0,0,0,2621.0,53,408,171
2721,64,272,457,0.0,1004.0,2018,5,15,1,0,0,0,2657.0,53,137,186
2721,58,264,0,0.0,1031.0,2018,5,16,2,0,0,0,2663.0,72,39,82
2721,71,278,343,0.0,811.0,2018,5,17,3,0,0,0,2650.0,53,88,247
2721,145,302,29,0.0,563.0,2018,5,18,4,0,0,0,2576.0,53,329,237
2721,861,144,139,0.0,543.0,2018,5,21,0,1,1,0,1860.0,53,333,174
2721,89,246,0,0.0,1065.0,2018,5,23,2,0,0,1,2632.0,8,146,186
2721,64,281,379,0.0,754.0,2018,5,24,3,0,0,0,2657.0,53,131,231
2721,136,293,70,0.0,594.0,2018,5,25,4,0,0,0,2585.0,53,68,140
2721,92,221,495,0.0,1306.0,2018,5,28,0,0,0,0,2629.0,53,325,108
2721,73,258,422,0.0,931.0,2018,5,29,1,0,0,0,2648.0,53,399,32
2721,80,281,0,0.0,876.0,2018,5,30,2,0,0,0,2641.0,74,257,219
2721,90,283,242,0.0,856.0,2018,5,31,3,0,0,0,2631.0,53,128,198
2728,180,291,55,0.0,649.0,2018,6,1,4,0,0,0,2548.0,53,354,210
2728,158,215,519,0.0,1211.0,2018,6,4,0,0,0,0,2570.0,53,106,247
2728,163,233,253,0.0,884.0,2018,6,5,1,0,1,0,2565.0,53,78,68
2728,187,265,379,0.0,890.0,2018,6,7,3,0,0,1,2541.0,53,49,168
2728,252,288,65,0.0,631.0,2018,6,8,4,0,0,0,2476.0,53,306,53
2728,153,195,490,0.0,1228.0,2018,6,11,0,0,0,0,2575.0,53,189,118
2728,156,234,249,0.0,905.0,2018,6,12,1,0,1,0,2572.0,53,46,222
2728,190,260,381,0.0,936.0,2018,6,14,3,0,0,1,2538.0,53,271,26
2728,234,295,44,0.0,639.0,2018,6,15,4,0,0,0,2494.0,53,299,127
2728,87,229,335,0.0,1069.0,2018,6,18,0,0,0,0,2641.0,53,408,108
2728,68,247,415,0.0,952.0,2018,6,19,1,0,0,0,2660.0,53,208,39
2728,73,257,0,0.0,875.0,2018,6,20,2,0,0,0,2655.0,63,180,261
2728,72,282,329,0.0,791.0,2018,6,21,3,0,0,0,2656.0,53,333,194
2728,178,305,50,0.0,552.0,2018,6,22,4,0,0,0,2550.0,53,363,51
2728,104,240,424,0.0,1128.0,2018,6,25,0,0,0,0,2624.0,53,78,182
2728,71,243,384,0.0,1012.0,2018,6,26,1,0,0,0,2657.0,53,144,62
2728,66,277,0,0.0,957.0,2018,6,27,2,0,0,0,2662.0,72,60,6
2728,83,286,234,0.0,803.0,2018,6,28,3,0,0,0,2645.0,53,152,74
2728,210,299,12,0.0,507.0,2018,6,29,4,0,0,0,2518.0,53,126,222
2704,96,209,130,0.0,1258.0,2018,7,2,0,0,0,0,2608.0,53,312,247
2704,71,220,232,0.0,975.0,2018,7,3,1,0,0,0,2633.0,53,238,178
2704,94,237,0,0.0,791.0,2018,7,4,2,0,0,0,2610.0,9,374,82
2704,93,270,234,0.0,876.0,2018,7,5,3,0,0,0,2611.0,53,88,26
2704,194,289,36,0.0,661.0,2018,7,6,4,0,0,0,2510.0,53,128,60
2704,139,228,300,0.0,1097.0,2018,7,9,0,0,0,0,2565.0,53,111,21
2704,96,251,292,0.0,838.0,2018,7,10,1,0,0,0,2608.0,53,408,156
2704,95,255,1,0.0,894.0,2018,7,11,2,0,0,0,2609.0,15,304,107
2704,102,270,244,0.0,764.0,2018,7,12,3,0,0,0,2602.0,53,59,273
2704,200,302,29,0.0,585.0,2018,7,13,4,0,0,0,2504.0,53,137,182
2704,150,199,318,0.0,1061.0,2018,7,16,0,0,0,0,2554.0,53,239,68
2704,111,256,307,0.0,1116.0,2018,7,17,1,0,0,0,2593.0,34,230,240
2704,108,254,0,0.0,839.0,2018,7,18,2,0,0,0,2596.0,74,390,219
2704,113,285,265,0.0,748.0,2018,7,19,3,0,0,0,2591.0,53,274,266
2704,273,291,49,0.0,489.0,2018,7,20,4,0,0,0,2431.0,53,312,214
2704,224,223,341,0.0,991.0,2018,7,23,0,0,0,0,2480.0,53,111,182
2704,201,232,392,0.0,886.0,2018,7,24,1,0,0,0,2503.0,53,211,210
2704,226,256,1,0.0,760.0,2018,7,25,2,0,0,0,2478.0,53,309,161
2704,272,265,299,0.0,714.0,2018,7,26,3,0,0,0,2432.0,53,152,197
2704,403,271,59,0.0,589.0,2018,7,27,4,0,0,0,2301.0,53,328,52
2704,487,193,401,0.0,944.0,2018,7,30,0,0,0,0,2217.0,53,78,26
2704,433,228,287,0.0,789.0,2018,7,31,1,0,0,0,2271.0,53,333,247
2996,489,209,0,0.0,820.0,2018,8,1,2,0,0,0,2507.0,72,140,6
2996,548,229,209,0.0,631.0,2018,8,2,3,0,0,0,2448.0,53,31,62
2996,665,242,34,0.0,540.0,2018,8,3,4,0,0,0,2331.0,53,92,190
2996,504,158,333,0.0,1092.0,2018,8,6,0,0,0,0,2492.0,53,239,248
2996,469,206,366,0.0,773.0,2018,8,7,1,0,0,0,2527.0,53,299,186
2996,470,235,0,0.0,896.0,2018,8,8,2,0,0,0,2526.0,61,60,82
2996,491,227,271,0.0,821.0,2018,8,9,3,0,0,0,2505.0,53,120,111
2996,562,254,30,0.0,548.0,2018,8,10,4,0,0,0,2434.0,53,55,68
2996,575,184,297,0.0,930.0,2018,8,13,0,0,0,0,2421.0,53,325,74
2996,551,217,153,0.0,772.0,2018,8,14,1,0,1,0,2445.0,53,391,237
2996,481,228,228,0.0,789.0,2018,8,16,3,0,0,1,2515.0,53,127,51
2996,530,245,30,0.0,646.0,2018,8,17,4,0,0,0,2466.0,53,242,181
2996,204,206,475,0.0,1199.0,2018,8,20,0,0,0,0,2792.0,53,408,171
2996,168,237,355,0.0,972.0,2018,8,21,1,0,0,0,2828.0,53,234,108
2996,147,238,0,0.0,1000.0,2018,8,22,2,0,0,0,2849.0,30,389,107
2996,132,263,289,0.0,835.0,2018,8,23,3,0,0,0,2864.0,53,67,68
2996,219,284,46,0.0,678.0,2018,8,24,4,0,0,0,2777.0,53,146,213
2996,138,226,492,0.0,1221.0,2018,8,27,0,0,0,0,2858.0,53,107,118
2996,104,243,376,0.0,873.0,2018,8,28,1,0,0,0,2892.0,53,374,161
2996,103,258,0,0.0,915.0,2018,8,29,2,0,0,0,2893.0,74,354,261
2996,106,264,304,0.0,849.0,2018,8,30,3,0,0,0,2890.0,53,171,26
2996,216,289,70,0.0,817.0,2018,8,31,4,0,0,0,2780.0,53,232,231
2763,122,233,393,0.0,1213.0,2018,9,3,0,0,0,0,2641.0,53,189,247
2763,91,262,404,0.0,938.0,2018,9,4,1,0,0,0,2672.0,53,128,78
2763,93,269,0,0.0,829.0,2018,9,5,2,0,0,0,2670.0,13,218,82
2763,106,283,280,0.0,830.0,2018,9,6,3,0,0,0,2657.0,53,23,39
2763,164,303,56,0.0,581.0,2018,9,7,4,0,0,0,2599.0,53,157,108
2763,99,243,343,0.0,1144.0,2018,9,10,0,0,0,0,2664.0,53,110,189
2763,67,272,370,0.0,960.0,2018,9,11,1,0,0,0,2696.0,53,86,160
2763,73,300,0,0.0,805.0,2018,9,12,2,0,0,0,2690.0,37,304,6
2763,67,306,297,0.0,882.0,2018,9,13,3,0,0,0,2696.0,53,137,172
2763,174,313,132,0.0,405.0,2018,9,14,4,0,0,0,2589.0,53,286,21
2763,91,252,465,0.0,1189.0,2018,9,17,0,0,0,0,2672.0,53,111,182
2763,67,289,446,0.0,946.0,2018,9,18,1,0,0,0,2696.0,53,144,51
2763,77,288,0,0.0,833.0,2018,9,19,2,0,0,0,2686.0,72,35,219
2763,93,277,385,0.0,817.0,2018,9,20,3,0,0,0,2670.0,53,238,39
2763,260,241,51,0.0,929.0,2018,9,21,4,0,0,0,2503.0,53,132,179
2805,424,233,216,0.0,895.0,2018,10,8,0,1,1,0,2381.0,53,110,184
2805,80,232,1044,0.0,1319.0,2018,10,10,2,0,0,1,2725.0,8,108,82
2805,67,240,430,0.0,1211.0,2018,10,11,3,0,0,0,2738.0,53,299,74
2805,192,288,28,0.0,622.0,2018,10,12,4,0,0,0,2613.0,53,57,146
2805,101,243,268,0.0,1235.0,2018,10,15,0,0,0,0,2704.0,53,189,191
2805,63,273,315,0.0,928.0,2018,10,16,1,0,0,0,2742.0,53,326,90
2805,68,294,0,0.0,761.0,2018,10,17,2,0,0,0,2737.0,74,219,219
2805,74,299,175,0.0,857.0,2018,10,18,3,0,0,0,2731.0,53,58,9
2805,207,303,40,0.0,627.0,2018,10,19,4,0,0,0,2598.0,53,78,198
2805,141,236,290,0.0,1176.0,2018,10,22,0,0,0,0,2664.0,53,107,21
2805,73,277,243,0.0,902.0,2018,10,23,1,0,0,0,2732.0,53,88,253
2805,82,299,1,0.0,777.0,2018,10,24,2,0,0,0,2723.0,53,137,247
2805,110,315,158,0.0,722.0,2018,10,25,3,0,0,0,2695.0,53,241,185
2805,263,308,25,0.0,528.0,2018,10,26,4,0,0,0,2542.0,53,299,26
2805,155,250,316,0.0,1156.0,2018,10,29,0,0,0,0,2650.0,53,239,280
2805,89,300,206,0.0,932.0,2018,10,30,1,0,0,0,2716.0,53,128,182
2805,111,306,0,0.0,930.0,2018,10,31,2,0,0,0,2694.0,53,257,247
2815,89,299,172,0.0,703.0,2018,11,1,3,0,0,0,2726.0,53,145,172
2815,211,299,43,0.0,539.0,2018,11,2,4,0,0,0,2604.0,53,408,118
2815,104,248,391,0.0,1088.0,2018,11,5,0,0,0,0,2711.0,53,299,161
2815,69,269,393,0.0,813.0,2018,11,6,1,0,0,0,2746.0,53,84,95
2815,68,299,0,0.0,860.0,2018,11,7,2,0,0,0,2747.0,8,196,82
2815,72,285,305,0.0,926.0,2018,11,8,3,0,0,0,2743.0,53,78,108
2815,185,302,38,0.0,496.0,2018,11,9,4,0,0,0,2630.0,53,44,222
2815,123,228,401,0.0,1154.0,2018,11,12,0,0,0,0,2692.0,53,234,168
2815,91,280,328,0.0,783.0,2018,11,13,1,0,0,0,2724.0,53,108,241
2815,89,263,0,0.0,800.0,2018,11,14,2,0,0,0,2726.0,76,356,261
2815,147,282,291,0.0,747.0,2018,11,15,3,0,0,0,2668.0,53,312,178
2815,251,295,59,0.0,616.0,2018,11,16,4,0,0,0,2564.0,53,286,181
2815,118,230,416,0.0,1124.0,2018,11,19,0,0,0,0,2697.0,53,111,39
2815,70,278,344,0.0,740.0,2018,11,20,1,0,0,0,2745.0,53,329,78
2815,81,290,0,0.0,832.0,2018,11,21,2,0,0,0,2734.0,72,217,82
2815,80,287,325,0.0,718.0,2018,11,22,3,0,0,0,2735.0,53,88,247
2815,222,305,57,0.0,527.0,2018,11,23,4,0,0,0,2593.0,53,189,26
2815,107,215,447,0.0,1077.0,2018,11,26,0,0,0,0,2708.0,53,78,185
2815,60,264,418,0.0,839.0,2018,11,27,1,0,0,0,2755.0,53,333,118
2815,69,298,1,0.0,862.0,2018,11,28,2,0,0,0,2746.0,15,304,6
2815,86,293,354,0.0,794.0,2018,11,29,3,0,0,0,2729.0,53,143,69
2815,196,314,60,0.0,543.0,2018,11,30,4,0,0,0,2619.0,53,391,88
2846,80,187,798,0.0,1248.0,2018,12,3,0,0,0,0,2766.0,53,241,108
2846,64,246,802,0.0,911.0,2018,12,4,1,0,0,0,2782.0,53,309,238
2846,87,254,0,0.0,885.0,2018,12,5,2,0,0,0,2759.0,19,286,219
2846,90,266,589,0.0,765.0,2018,12,6,3,0,0,0,2756.0,53,292,247
2846,182,300,83,0.0,674.0,2018,12,7,4,0,0,0,2664.0,53,244,80
2846,98,204,863,0.0,1201.0,2018,12,10,0,0,0,0,2748.0,53,325,178
2846,69,250,716,0.0,883.0,2018,12,11,1,0,0,0,2777.0,53,137,170
2846,75,262,0,0.0,788.0,2018,12,12,2,0,0,0,2771.0,76,20,5
2846,65,253,652,0.0,765.0,2018,12,13,3,0,0,0,2781.0,53,128,94
2846,160,277,113,0.0,664.0,2018,12,14,4,0,0,0,2686.0,53,346,65
2846,90,201,602,0.0,1170.0,2018,12,17,0,0,0,0,2756.0,53,333,247
2846,87,243,525,0.0,813.0,2018,12,18,1,0,0,0,2759.0,53,88,190
2846,86,256,0,0.0,710.0,2018,12,19,2,0,0,0,2760.0,8,374,261
2846,106,242,235,0.0,784.0,2018,12,20,3,0,0,0,2740.0,53,131,26
2846,175,261,163,0.0,456.0,2018,12,21,4,0,0,0,2671.0,53,31,51
2846,894,159,26,0.0,296.0,2018,12,24,0,1,1,0,1952.0,53,408,191
2846,184,241,0,0.0,695.0,2018,12,26,2,0,0,1,2662.0,53,111,178
2846,182,253,132,0.0,517.0,2018,12,27,3,0,0,0,2664.0,53,299,168
2846,315,264,18,0.0,491.0,2018,12,28,4,0,0,0,2531.0,53,189,21
2846,1085,132,28,0.0,332.0,2018,12,31,0,1,1,0,1761.0,53,110,247
2985,108,129,0,0.0,1201.0,2019,1,2,2,0,0,1,2877.0,53,231,79
2985,120,207,444,0.0,858.0,2019,1,3,3,0,0,0,2865.0,53,274,238
2985,218,234,65,0.0,668.0,2019,1,4,4,0,0,0,2767.0,53,286,69
2985,113,211,439,0.0,1072.0,2019,1,7,0,0,0,0,2872.0,53,248,172
2985,98,223,444,0.0,839.0,2019,1,8,1,0,0,0,2887.0,53,346,247
2985,85,225,0,0.0,778.0,2019,1,9,2,0,0,0,2900.0,30,357,82
2985,94,243,363,0.0,767.0,2019,1,10,3,0,0,0,2891.0,53,375,222
2985,177,251,1,0.0,627.0,2019,1,11,4,0,0,0,2808.0,53,49,39
2985,99,186,487,0.0,1163.0,2019,1,14,0,0,0,0,2886.0,53,111,181
2985,71,223,417,0.0,963.0,2019,1,15,1,0,0,0,2914.0,53,136,182
2985,80,228,0,0.0,1021.0,2019,1,16,2,0,0,0,2905.0,69,310,82
2985,71,247,326,0.0,837.0,2019,1,17,3,0,0,0,2914.0,53,241,126
2985,196,276,1,0.0,585.0,2019,1,18,4,0,0,0,2789.0,53,271,248
2985,114,199,468,0.0,1270.0,2019,1,21,0,0,0,0,2871.0,53,189,21
2985,73,230,436,0.0,889.0,2019,1,22,1,0,0,0,2912.0,53,88,118
2985,86,224,0,0.0,958.0,2019,1,23,2,0,0,0,2899.0,74,227,82
2985,91,241,401,0.0,827.0,2019,1,24,3,0,0,0,2894.0,53,75,185
2985,186,267,1,0.0,667.0,2019,1,25,4,0,0,0,2799.0,53,333,163
2985,94,203,426,0.0,1140.0,2019,1,28,0,0,0,0,2891.0,53,58,68
2985,61,219,385,0.0,968.0,2019,1,29,1,0,0,0,2924.0,53,285,142
2985,66,226,1,0.0,679.0,2019,1,30,2,0,0,0,2919.0,72,216,219
2985,96,218,325,0.0,765.0,2019,1,31,3,0,0,0,2889.0,53,30,241
2806,283,180,2,0.0,804.0,2019,2,1,4,0,0,0,2523.0,53,128,170
2806,392,101,447,0.0,1144.0,2019,2,7,3,0,0,1,2414.0,53,408,191
2806,373,190,3,0.0,970.0,2019,2,8,4,0,0,0,2433.0,53,325,280
2806,67,159,758,0.0,1459.0,2019,2,11,0,0,0,0,2739.0,53,239,182
2806,51,240,648,0.0,1102.0,2019,2,12,1,0,0,0,2755.0,53,120,168
2806,61,231,0,0.0,1044.0,2019,2,13,2,0,0,0,2745.0,17,166,82
2806,73,239,605,0.0,963.0,2019,2,14,3,0,0,0,2733.0,53,180,39
2806,159,278,1,0.0,682.0,2019,2,15,4,0,0,0,2647.0,53,299,126
2806,104,195,728,0.0,1314.0,2019,2,18,0,0,0,0,2702.0,53,346,253
2806,62,228,663,0.0,1052.0,2019,2,19,1,0,0,0,2744.0,49,55,238
2806,65,241,0,0.0,1005.0,2019,2,20,2,0,0,0,2741.0,9,354,82
2806,81,269,540,0.0,955.0,2019,2,21,3,0,0,0,2725.0,53,131,178
2806,178,301,1,0.0,631.0,2019,2,22,4,0,0,0,2628.0,53,286,62
2806,122,214,752,0.0,1299.0,2019,2,25,0,0,0,0,2684.0,53,189,21
2806,109,239,644,0.0,924.0,2019,2,26,1,0,0,0,2697.0,53,183,160
2806,100,274,0,0.0,944.0,2019,2,27,2,0,0,0,2706.0,30,304,219
2806,254,271,116,0.0,772.0,2019,2,28,3,0,1,0,2552.0,53,102,245
2836,213,172,708,0.0,1274.0,2019,3,4,0,0,0,0,2623.0,53,107,264
2836,67,230,736,0.0,940.0,2019,3,5,1,0,0,0,2769.0,53,49,222
2836,56,238,0,0.0,1061.0,2019,3,6,2,0,0,0,2780.0,74,363,112
2836,45,265,589,0.0,845.0,2019,3,7,3,0,0,0,2791.0,53,232,133
2836,130,300,4,0.0,663.0,2019,3,8,4,0,0,0,2706.0,53,391,238
2836,81,205,690,0.0,1277.0,2019,3,11,0,0,0,0,2755.0,53,248,182
2836,59,244,642,0.0,956.0,2019,3,12,1,0,0,0,2777.0,53,274,176
2836,61,244,0,0.0,953.0,2019,3,13,2,0,0,0,2775.0,72,39,6
2836,62,286,417,0.0,791.0,2019,3,14,3,0,0,0,2774.0,53,30,210
2836,174,304,4,0.0,630.0,2019,3,15,4,0,0,0,2662.0,53,137,191
2836,107,217,607,0.0,1261.0,2019,3,18,0,0,0,0,2729.0,53,189,247
2836,72,248,553,0.0,990.0,2019,3,19,1,0,0,0,2764.0,53,129,178
2836,77,261,0,0.0,970.0,2019,3,20,2,0,0,0,2759.0,13,277,82
2836,81,260,457,0.0,1214.0,2019,3,21,3,0,0,0,2755.0,53,384,108
2836,168,295,3,0.0,567.0,2019,3,22,4,0,0,0,2668.0,53,111,264
2836,111,232,585,0.0,1150.0,2019,3,25,0,0,0,0,2725.0,53,238,39
2836,83,252,525,0.0,919.0,2019,3,26,1,0,0,0,2753.0,53,325,98
2836,92,259,0,0.0,856.0,2019,3,27,2,0,0,0,2744.0,19,122,6
2836,84,282,522,0.0,810.0,2019,3,28,3,0,0,0,2752.0,53,152,184
2836,239,301,1,0.0,481.0,2019,3,29,4,0,0,0,2597.0,53,181,181
2822,126,197,611,0.0,1029.0,2019,4,1,0,0,0,0,2696.0,53,237,280
2822,67,253,514,0.0,855.0,2019,4,2,1,0,0,0,2755.0,53,299,190
2822,59,283,0,0.0,790.0,2019,4,3,2,0,0,0,2763.0,8,266,78
2822,60,288,429,0.0,745.0,2019,4,4,3,0,0,0,2762.0,53,274,62
2822,185,303,1,0.0,575.0,2019,4,5,4,0,0,0,2637.0,53,333,232
2822,104,222,592,0.0,1105.0,2019,4,8,0,0,0,0,2718.0,53,311,68
2822,69,239,578,0.0,876.0,2019,4,9,1,0,0,0,2753.0,53,329,168
2822,64,245,0,0.0,789.0,2019,4,10,2,0,0,0,2758.0,15,304,6
2822,52,248,434,0.0,845.0,2019,4,11,3,0,0,0,2770.0,53,259,247
2822,155,288,0,0.0,553.0,2019,4,12,4,0,0,0,2667.0,53,92,178
2822,113,178,609,0.0,1184.0,2019,4,15,0,0,0,0,2709.0,53,189,94
2822,54,234,552,0.0,905.0,2019,4,16,1,0,0,0,2768.0,53,88,191
2822,57,263,0,0.0,910.0,2019,4,17,2,0,0,0,2765.0,53,299,79
2822,76,281,458,0.0,767.0,2019,4,18,3,0,0,0,2746.0,53,184,88
2822,230,294,1,0.0,683.0,2019,4,19,4,0,0,0,2592.0,69,196,82
2822,109,253,533,0.0,1094.0,2019,4,22,0,0,0,0,2713.0,53,311,78
2822,60,272,576,0.0,886.0,2019,4,23,1,0,0,0,2762.0,53,249,68
2822,59,273,0,0.0,1034.0,2019,4,24,2,0,0,0,2763.0,73,286,107
2822,85,294,452,0.0,702.0,2019,4,25,3,0,0,0,2737.0,53,391,69
2822,215,297,0,0.0,572.0,2019,4,26,4,0,0,0,2607.0,53,105,108
2822,152,252,544,0.0,1207.0,2019,4,29,0,0,0,0,2670.0,53,189,33
2822,152,298,290,0.0,714.0,2019,4,30,1,0,1,0,2670.0,53,299,154
2825,247,303,384,0.0,758.0,2019,5,2,3,0,0,1,2578.0,53,274,264
2825,348,276,1,0.0,654.0,2019,5,3,4,0,0,0,2477.0,53,180,168
2825,135,271,606,0.0,1221.0,2019,5,7,1,0,0,1,2690.0,53,408,182
2825,81,296,0,0.0,881.0,2019,5,8,2,0,0,0,2744.0,74,358,6
2825,92,286,538,0.0,958.0,2019,5,9,3,0,0,0,2733.0,53,190,26
2825,166,302,0,0.0,607.0,2019,5,10,4,0,0,0,2659.0,53,238,239
2825,119,231,599,0.0,1111.0,2019,5,13,0,0,0,1,2706.0,53,325,178
2825,76,256,601,0.0,907.0,2019,5,14,1,0,0,0,2749.0,53,399,236
2825,69,284,0,0.0,888.0,2019,5,15,2,0,0,0,2756.0,32,349,6
2825,72,283,482,0.0,790.0,2019,5,16,3,0,0,0,2753.0,53,131,190
2825,224,291,1,0.0,408.0,2019,5,17,4,0,0,0,2601.0,53,374,124
2825,100,223,602,0.0,1174.0,2019,5,20,0,0,0,0,2725.0,53,236,68
2825,64,279,563,0.0,844.0,2019,5,21,1,0,0,0,2761.0,53,254,266
2825,60,272,0,0.0,831.0,2019,5,22,2,0,0,0,2765.0,53,213,39
2825,61,302,447,0.0,658.0,2019,5,23,3,0,0,0,2764.0,53,20,147
2825,193,307,0,0.0,508.0,2019,5,24,4,0,0,0,2632.0,17,193,247
2825,86,212,644,0.0,1219.0,2019,5,27,0,0,0,0,2739.0,53,123,130
2825,54,229,632,0.0,931.0,2019,5,28,1,0,0,0,2771.0,53,274,198
2825,50,237,0,0.0,896.0,2019,5,29,2,0,0,0,2775.0,53,257,118
2825,73,258,517,0.0,836.0,2019,5,30,3,0,0,0,2752.0,53,44,222
2825,179,291,0,0.0,640.0,2019,5,31,4,0,0,0,2646.0,26,385,82
2758,87,225,702,0.0,1221.0,2019,6,3,0,0,0,0,2671.0,53,333,247
2758,65,251,592,0.0,962.0,2019,6,4,1,0,0,0,2693.0,53,137,178
2758,144,247,0,0.0,761.0,2019,6,5,2,0,1,0,2614.0,9,365,82
2758,890,219,3,0.0,389.0,2019,6,7,4,1,0,1,1868.0,53,286,21
2758,114,236,673,0.0,1232.0,2019,6,10,0,0,0,0,2644.0,53,239,94
2758,55,267,624,0.0,804.0,2019,6,11,1,0,0,0,2703.0,53,299,127
2758,60,278,0,0.0,876.0,2019,6,12,2,0,0,0,2698.0,13,195,82
2758,65,288,507,0.0,679.0,2019,6,13,3,0,0,0,2693.0,53,88,204
2758,193,295,4,0.0,538.0,2019,6,14,4,0,0,0,2565.0,53,196,194
2758,95,240,640,0.0,1099.0,2019,6,17,0,0,0,0,2663.0,53,133,191
2758,65,264,558,0.0,853.0,2019,6,18,1,0,0,0,2693.0,53,152,133
2758,78,260,0,0.0,882.0,2019,6,19,2,0,0,0,2680.0,69,59,82
2758,90,291,444,0.0,625.0,2019,6,20,3,0,0,0,2668.0,53,329,9
2758,188,294,0,0.0,505.0,2019,6,21,4,0,0,0,2570.0,53,238,241
2758,101,213,692,0.0,1105.0,2019,6,24,0,0,0,0,2657.0,53,239,182
2758,67,265,573,0.0,775.0,2019,6,25,1,0,0,0,2691.0,53,120,239
2758,69,282,0,0.0,946.0,2019,6,26,2,0,0,0,2689.0,72,39,6
2758,85,280,478,0.0,808.0,2019,6,27,3,0,0,0,2673.0,53,280,153
2758,229,288,2,0.0,535.0,2019,6,28,4,0,0,0,2529.0,76,356,261
2760,115,218,512,0.0,1175.0,2019,7,1,0,0,0,0,2645.0,53,346,168
2760,87,237,490,0.0,787.0,2019,7,2,1,0,0,0,2673.0,53,241,140
2760,82,265,0,0.0,910.0,2019,7,3,2,0,0,0,2678.0,23,348,82
2760,95,309,434,0.0,699.0,2019,7,4,3,0,0,0,2665.0,53,333,191
2760,210,289,0,0.0,546.0,2019,7,5,4,0,0,0,2550.0,53,408,29
2760,155,277,536,0.0,985.0,2019,7,8,0,0,0,0,2605.0,53,189,198
2760,75,275,466,0.0,861.0,2019,7,9,1,0,0,0,2685.0,53,88,172
2760,123,286,0,0.0,862.0,2019,7,10,2,0,0,0,2637.0,61,60,6
2760,102,301,371,0.0,730.0,2019,7,11,3,0,0,0,2658.0,53,198,26
2760,244,306,0,0.0,856.0,2019,7,12,4,0,0,0,2516.0,2,342,141
2760,144,232,396,0.0,1127.0,2019,7,15,0,0,0,0,2616.0,53,111,238
2760,100,227,426,0.0,952.0,2019,7,16,1,0,0,0,2660.0,53,78,129
2760,96,259,0,0.0,814.0,2019,7,17,2,0,0,0,2664.0,32,277,107
2760,113,274,310,0.0,734.0,2019,7,18,3,0,0,0,2647.0,53,180,62
2760,236,291,0,0.0,538.0,2019,7,19,4,0,0,0,2524.0,53,30,152
2760,223,218,438,0.0,1013.0,2019,7,22,0,0,0,0,2537.0,53,237,94
2760,206,246,449,0.0,855.0,2019,7,23,1,0,0,0,2554.0,53,137,171
2760,224,252,0,0.0,744.0,2019,7,24,2,0,0,0,2536.0,73,29,5
2760,276,279,347,0.0,668.0,2019,7,25,3,0,0,0,2484.0,53,309,89
2760,396,280,1,0.0,462.0,2019,7,26,4,0,0,0,2364.0,53,42,215
2760,475,183,424,0.0,898.0,2019,7,29,0,0,0,0,2285.0,53,312,170
2760,434,213,382,0.0,745.0,2019,7,30,1,0,0,0,2326.0,53,317,140
2760,495,231,0,0.0,619.0,2019,7,31,2,0,0,0,2265.0,9,391,82
3305,546,219,285,0.0,648.0,2019,8,1,3,0,0,0,2759.0,53,88,178
3305,687,237,2,0.0,440.0,2019,8,2,4,0,0,0,2618.0,53,184,21
3305,462,183,392,0.0,936.0,2019,8,5,0,0,0,0,2843.0,53,78,247
3305,427,203,392,0.0,798.0,2019,8,6,1,0,0,0,2878.0,53,333,60
3305,421,233,1,0.0,841.0,2019,8,7,2,0,0,0,2884.0,69,49,82
3305,430,254,364,0.0,781.0,2019,8,8,3,0,0,0,2875.0,53,131,178
3305,496,261,3,0.0,641.0,2019,8,9,4,0,0,0,2809.0,53,329,236
3305,394,208,424,0.0,1073.0,2019,8,12,0,0,0,0,2911.0,53,237,68
3305,345,254,411,0.0,813.0,2019,8,13,1,0,0,0,2960.0,53,286,39
3305,430,246,2,0.0,713.0,2019,8,14,2,0,1,0,2875.0,74,309,202
3305,1026,208,7,0.0,466.0,2019,8,16,4,1,0,1,2279.0,53,249,51
3305,264,212,569,0.0,1249.0,2019,8,19,0,0,0,0,3041.0,53,312,172
3305,205,255,534,0.0,955.0,2019,8,20,1,0,0,0,3100.0,53,80,153
3305,214,265,0,0.0,923.0,2019,8,21,2,0,0,0,3091.0,32,304,107
3305,178,275,468,0.0,880.0,2019,8,22,3,0,0,0,3127.0,53,144,52
3305,268,295,2,0.0,599.0,2019,8,23,4,0,0,0,3037.0,53,180,62
3305,162,230,596,0.0,1221.0,2019,8,26,0,0,0,0,3143.0,53,385,39
3305,118,266,550,0.0,921.0,2019,8,27,1,0,0,0,3187.0,53,189,21
3305,123,274,0,0.0,899.0,2019,8,28,2,0,0,0,3182.0,72,354,82
3305,132,289,435,0.0,845.0,2019,8,29,3,0,0,0,3173.0,53,408,118
3305,253,305,1,0.0,575.0,2019,8,30,4,0,0,0,3052.0,53,55,127
3111,137,213,564,0.0,1363.0,2019,9,2,0,0,0,0,2974.0,53,112,77
3111,103,254,460,0.0,944.0,2019,9,3,1,0,0,0,3008.0,53,238,238
3111,102,270,0,0.0,769.0,2019,9,4,2,0,0,0,3009.0,19,212,219
3111,118,292,391,0.0,778.0,2019,9,5,3,0,0,0,2993.0,53,152,255
3111,214,301,0,0.0,687.0,2019,9,6,4,0,0,0,2897.0,53,259,68
3111,148,217,523,0.0,1228.0,2019,9,9,0,0,0,0,2963.0,53,333,33
3111,142,238,401,0.0,812.0,2019,9,10,1,0,0,0,2969.0,53,196,85
3111,426,135,0,0.0,916.0,2019,9,11,2,0,1,0,2685.0,15,224,261
3111,259,180,631,0.0,1283.0,2019,9,16,0,0,0,0,2852.0,53,407,280
3111,75,241,606,0.0,1010.0,2019,9,17,1,0,0,0,3036.0,53,111,37
3111,71,250,0,0.0,1006.0,2019,9,18,2,0,0,0,3040.0,53,372,153
3111,80,290,441,0.0,701.0,2019,9,19,3,0,0,0,3031.0,53,329,161
3111,182,302,2,0.0,662.0,2019,9,20,4,0,0,0,2929.0,53,94,191
3111,114,214,569,0.0,1239.0,2019,9,23,0,0,0,0,2997.0,53,312,26
3111,71,265,631,0.0,899.0,2019,9,24,1,0,0,0,3040.0,53,189,186
3111,60,285,1,0.0,803.0,2019,9,25,2,0,0,0,3051.0,9,108,82
3111,75,312,542,0.0,620.0,2019,9,26,3,0,0,0,3036.0,53,391,248
3111,177,309,2,0.0,722.0,2019,9,27,4,0,0,0,2934.0,53,286,182
3111,283,231,366,0.0,1030.0,2019,9,30,0,0,0,0,2828.0,53,333,244
3121,244,217,310,0.0,1241.0,2019,10,2,2,0,1,0,2877.0,53,78,62
3121,268,231,428,0.0,1215.0,2019,10,4,4,1,0,1,2853.0,53,239,264
3121,193,215,447,0.0,1133.0,2019,10,7,0,0,0,0,2928.0,53,111,253
3121,214,262,247,0.0,883.0,2019,10,8,1,0,1,0,2907.0,53,145,66
3121,284,269,398,0.0,862.0,2019,10,10,3,0,0,1,2837.0,53,55,204
3121,389,285,3,0.0,566.0,2019,10,11,4,0,0,0,2732.0,53,152,178
3121,152,237,529,0.0,1140.0,2019,10,14,0,0,0,0,2969.0,53,325,133
3121,112,260,534,0.0,867.0,2019,10,15,1,0,0,0,3009.0,53,78,247
3121,116,278,1,0.0,765.0,2019,10,16,2,0,0,0,3005.0,74,108,5
3121,144,301,364,0.0,708.0,2019,10,17,3,0,0,0,2977.0,53,387,181
3121,332,300,2,0.0,581.0,2019,10,18,4,0,0,0,2789.0,53,249,209
3121,168,227,709,0.0,1107.0,2019,10,21,0,0,0,0,2953.0,53,411,21
3121,99,378,381,0.0,1090.0,2019,10,22,1,0,0,0,3022.0,53,333,188
3121,89,286,2,0.0,785.0,2019,10,23,2,0,0,0,3032.0,73,309,211
3121,129,313,410,0.0,705.0,2019,10,24,3,0,0,0,2992.0,53,136,16
3121,316,323,1,0.0,546.0,2019,10,25,4,0,0,0,2805.0,15,224,261
3121,219,267,464,0.0,915.0,2019,10,28,0,0,0,0,2902.0,53,312,153
3121,112,293,477,0.0,808.0,2019,10,29,1,0,0,0,3009.0,53,299,68
3121,122,294,1,0.0,771.0,2019,10,30,2,0,0,0,2999.0,23,354,82
3121,130,312,430,0.0,671.0,2019,10,31,3,0,0,0,2991.0,53,128,95
3104,248,327,1,0.0,586.0,2019,11,1,4,0,0,0,2856.0,48,138,200
3104,155,239,538,0.0,1058.0,2019,11,4,0,0,0,0,2949.0,53,232,26
3104,86,289,541,0.0,773.0,2019,11,5,1,0,0,0,3018.0,53,271,21
3104,119,295,0,0.0,773.0,2019,11,6,2,0,0,0,2985.0,13,273,6
3104,133,302,424,0.0,700.0,2019,11,7,3,0,0,0,2971.0,53,180,198
3104,271,309,1,0.0,535.0,2019,11,8,4,0,0,0,2833.0,59,196,112
3104,150,236,568,0.0,1079.0,2019,11,11,0,0,0,0,2954.0,53,287,62
3104,106,272,481,0.0,769.0,2019,11,12,1,0,0,0,2998.0,53,329,236
3104,136,290,0,0.0,733.0,2019,11,13,2,0,0,0,2968.0,9,108,82
3104,188,286,453,0.0,677.0,2019,11,14,3,0,0,0,2916.0,53,391,247
3104,365,303,1,0.0,543.0,2019,11,15,4,0,0,0,2739.0,11,353,40
3104,183,230,672,0.0,1032.0,2019,11,18,0,0,0,0,2921.0,53,238,33
3104,139,285,562,0.0,762.0,2019,11,19,1,0,0,0,2965.0,53,374,222
3104,174,288,0,0.0,759.0,2019,11,20,2,0,0,0,2930.0,76,80,107
3104,188,304,480,0.0,613.0,2019,11,21,3,0,0,0,2916.0,53,144,68
3104,329,310,1,0.0,551.0,2019,11,22,4,0,0,0,2775.0,72,220,82
3104,170,235,733,0.0,1097.0,2019,11,25,0,0,0,0,2934.0,53,189,21
3104,129,270,634,0.0,816.0,2019,11,26,1,0,0,0,2975.0,53,75,29
3104,134,288,1,0.0,732.0,2019,11,27,2,0,0,0,2970.0,15,34,82
3104,167,297,558,0.0,644.0,2019,11,28,3,0,0,0,2937.0,53,88,178
3104,282,326,1,0.0,572.0,2019,11,29,4,0,0,0,2822.0,65,172,107
3111,169,201,748,0.0,1140.0,2019,12,2,0,0,0,0,2942.0,53,408,191
3111,115,247,789,0.0,873.0,2019,12,3,1,0,0,0,2996.0,53,145,279
3111,118,257,1,0.0,879.0,2019,12,4,2,0,0,0,2993.0,12,390,261
3111,145,280,549,0.0,779.0,2019,12,5,3,0,0,0,2966.0,53,78,161
3111,312,299,5,0.0,631.0,2019,12,6,4,0,0,0,2799.0,53,257,26
3111,190,192,819,0.0,1120.0,2019,12,9,0,0,0,0,2921.0,53,311,78
3111,155,248,800,0.0,742.0,2019,12,10,1,0,0,0,2956.0,53,309,89
3111,168,265,0,0.0,858.0,2019,12,11,2,0,0,0,2943.0,19,212,219
3111,190,257,586,0.0,731.0,2019,12,12,3,0,0,0,2921.0,53,152,25
3111,266,310,2,0.0,639.0,2019,12,13,4,0,0,0,2845.0,53,274,239
3111,206,211,709,0.0,1103.0,2019,12,16,0,0,0,0,2905.0,53,413,191
3111,155,267,613,0.0,739.0,2019,12,17,1,0,0,0,2956.0,53,237,98
3111,169,283,3,0.0,683.0,2019,12,18,2,0,0,0,2942.0,74,287,107
3111,165,270,591,0.0,862.0,2019,12,19,3,0,0,0,2946.0,53,94,68
3111,337,261,4,0.0,481.0,2019,12,20,4,0,0,0,2774.0,53,149,11
3111,343,228,131,0.0,741.0,2019,12,23,0,0,0,0,2768.0,53,112,178
3111,478,216,52,0.0,462.0,2019,12,24,1,0,1,0,2633.0,53,354,198
3111,538,249,151,0.0,594.0,2019,12,26,3,0,0,1,2573.0,53,333,68
3111,706,236,1,0.0,387.0,2019,12,27,4,0,0,0,2405.0,77,196,6
3111,563,192,98,0.0,652.0,2019,12,30,0,0,0,0,2548.0,53,189,21
3111,709,149,22,0.0,349.0,2019,12,31,1,0,1,0,2402.0,53,88,118
2821,255,133,338,0.0,985.0,2020,1,2,3,0,0,1,2566.0,53,325,79
2821,321,186,3,0.0,635.0,2020,1,3,4,0,0,0,2500.0,30,374,107
2821,119,203,424,5.0,1133.0,2020,1,6,0,0,0,0,2697.0,53,112,68
2821,95,204,448,7.0,904.0,2020,1,7,1,0,0,0,2719.0,53,271,108
2821,117,222,7,5.0,740.0,2020,1,8,2,0,0,0,2699.0,9,108,82
2821,124,241,426,7.0,773.0,2020,1,9,3,0,0,0,2690.0,53,20,222
2821,264,262,0,3.0,573.0,2020,1,10,4,0,0,0,2554.0,71,141,107
2821,141,218,526,0.0,945.0,2020,1,13,0,0,0,0,2680.0,53,408,26
2821,96,236,388,0.0,820.0,2020,1,14,1,0,0,0,2725.0,53,386,172
2821,97,235,4,0.0,633.0,2020,1,15,2,0,0,0,2724.0,19,302,190
2821,92,244,390,0.0,761.0,2020,1,16,3,0,0,0,2729.0,53,179,264
2821,242,269,0,0.0,696.0,2020,1,17,4,0,0,0,2579.0,14,376,254
2821,132,199,488,0.0,1075.0,2020,1,20,0,0,0,0,2689.0,53,78,168
2821,96,237,491,0.0,868.0,2020,1,21,1,0,0,0,2725.0,53,137,182
2821,130,232,5,0.0,782.0,2020,1,22,2,0,0,0,2691.0,29,400,112
2821,481,141,38,0.0,685.0,2020,1,23,3,0,1,0,2340.0,53,131,178
2821,284,143,670,0.0,1042.0,2020,1,28,1,0,0,1,2537.0,53,289,280
2821,101,214,4,0.0,1197.0,2020,1,29,2,0,0,0,2720.0,76,354,6
2821,76,261,482,0.0,736.0,2020,1,30,3,0,0,0,2745.0,53,92,78
2821,183,265,0,0.0,623.0,2020,1,31,4,0,0,0,2638.0,13,304,18
2872,101,208,537,1.0,1081.0,2020,2,3,0,0,0,0,2770.0,53,241,108
2872,72,222,471,0.0,849.0,2020,2,4,1,0,0,0,2800.0,53,108,238
2872,62,215,4,0.0,660.0,2020,2,5,2,0,0,0,2810.0,19,286,219
2872,90,233,426,0.0,637.0,2020,2,6,3,0,0,0,2782.0,53,128,184
2872,140,247,2,0.0,539.0,2020,2,7,4,0,0,0,2732.0,49,55,69
2872,65,136,617,0.0,1233.0,2020,2,10,0,0,0,0,2807.0,53,237,95
2872,52,198,748,0.0,1075.0,2020,2,11,1,0,0,0,2820.0,53,143,46
2872,65,210,5,0.0,1173.0,2020,2,12,2,0,0,0,2807.0,8,85,261
2872,71,249,620,0.0,834.0,2020,2,13,3,0,0,0,2801.0,53,106,65
2872,160,273,0,0.0,776.0,2020,2,14,4,0,0,0,2712.0,10,370,104
2872,74,196,722,0.0,1370.0,2020,2,17,0,0,0,0,2798.0,53,312,161
2872,47,239,666,0.0,939.0,2020,2,18,1,0,0,0,2825.0,53,329,236
2872,62,224,1,0.0,930.0,2020,2,19,2,0,0,0,2810.0,15,195,107
2872,78,254,549,0.0,826.0,2020,2,20,3,0,0,0,2794.0,53,22,26
2872,181,277,0,0.0,627.0,2020,2,21,4,0,0,0,2691.0,53,333,73
2872,144,156,846,0.0,1282.0,2020,2,24,0,0,0,0,2728.0,53,112,68
2872,117,158,806,0.0,1238.0,2020,2,25,1,0,0,0,2755.0,53,408,127
2872,109,190,4,0.0,1105.0,2020,2,26,2,0,0,0,2763.0,17,352,261
2872,121,217,667,5.0,1000.0,2020,2,27,3,0,0,0,2746.0,53,78,130
2872,210,234,0,7.0,750.0,2020,2,28,4,0,0,0,2655.0,53,238,178
2950,108,133,786,14.0,1362.0,2020,3,2,0,0,0,1,2828.0,53,233,69
2950,76,185,753,12.0,1074.0,2020,3,3,1,0,0,0,2862.0,53,301,158
2950,74,205,1,19.0,999.0,2020,3,4,2,0,0,0,2857.0,75,30,21
2950,84,232,612,15.0,989.0,2020,3,5,3,0,0,0,2851.0,53,254,108
2950,166,251,0,12.0,642.0,2020,3,6,4,0,0,0,2772.0,6,106,16
2950,91,129,784,16.0,1276.0,2020,3,9,0,0,0,0,2843.0,53,239,247
2950,67,168,678,20.0,1019.0,2020,3,10,1,0,0,0,2863.0,53,18,59
2950,74,197,0,23.0,967.0,2020,3,11,2,0,0,0,2853.0,73,33,106
2950,78,243,555,17.0,804.0,2020,3,12,3,0,0,0,2855.0,53,393,168
2950,165,259,0,20.0,593.0,2020,3,13,4,0,0,0,2765.0,53,127,146
2950,69,138,789,21.0,1284.0,2020,3,16,0,0,0,0,2860.0,53,111,182
2950,61,171,679,20.0,914.0,2020,3,17,1,0,0,0,2869.0,53,340,57
2950,47,210,0,25.0,831.0,2020,3,18,2,0,0,0,2878.0,23,142,229
2950,70,235,560,19.0,829.0,2020,3,19,3,0,0,0,2861.0,53,330,253
2950,176,263,3,135.0,627.0,2020,3,20,4,0,0,0,2639.0,53,359,7
2950,109,178,687,285.0,1110.0,2020,3,23,0,0,0,0,2556.0,53,293,172
2950,131,137,639,303.0,1083.0,2020,3,24,1,0,0,0,2516.0,53,391,153
2950,122,146,1,303.0,1022.0,2020,3,25,2,0,0,0,2525.0,53,176,220
2950,133,133,584,288.0,955.0,2020,3,26,3,0,0,0,2529.0,53,325,118
2950,254,156,0,260.0,839.0,2020,3,27,4,0,0,0,2436.0,26,348,82
2950,230,53,627,488.0,1000.0,2020,3,30,0,0,0,0,2232.0,53,329,212
2950,193,43,528,533.0,859.0,2020,3,31,1,0,0,0,2224.0,53,274,21
2962,228,56,0,420.0,939.0,2020,4,1,2,0,0,0,2314.0,53,205,78
2962,236,89,490,395.0,1009.0,2020,4,2,3,0,0,0,2331.0,53,137,17
2962,350,149,1,340.0,802.0,2020,4,3,4,0,0,0,2272.0,53,51,165
2962,206,152,713,477.0,1161.0,2020,4,6,0,0,0,0,2279.0,53,292,108
2962,164,156,698,490.0,969.0,2020,4,7,1,0,0,0,2308.0,53,404,36
2962,159,172,1,479.0,1032.0,2020,4,8,2,0,0,0,2324.0,17,80,18
2962,154,186,544,488.0,880.0,2020,4,9,3,0,0,0,2320.0,53,235,69
2962,316,209,0,417.0,780.0,2020,4,10,4,0,0,0,2229.0,5,38,103
2962,165,146,619,447.0,1145.0,2020,4,13,0,0,0,0,2350.0,53,344,178
2962,200,176,274,485.0,879.0,2020,4,14,1,0,1,0,2277.0,53,14,275
2962,265,182,498,447.0,947.0,2020,4,16,3,0,0,1,2250.0,53,313,226
2962,325,221,3,389.0,759.0,2020,4,17,4,0,0,0,2248.0,53,188,148
2962,145,143,624,471.0,1089.0,2020,4,20,0,0,0,0,2346.0,53,308,280
2962,126,171,700,450.0,911.0,2020,4,21,1,0,0,0,2386.0,53,305,97
2962,132,204,2,443.0,945.0,2020,4,22,2,0,0,0,2387.0,53,343,41
2962,107,251,518,437.0,880.0,2020,4,23,3,0,0,0,2418.0,53,40,145
2962,232,267,1,387.0,639.0,2020,4,24,4,0,0,0,2343.0,53,361,55
2962,125,192,706,418.0,1223.0,2020,4,27,0,0,0,0,2419.0,53,253,222
2962,118,223,493,410.0,824.0,2020,4,28,1,0,0,0,2434.0,3,61,228
2962,221,250,0,396.0,680.0,2020,4,29,2,0,1,0,2345.0,35,320,175
2962,1113,117,91,189.0,504.0,2020,5,4,0,1,1,0,1660.0,53,203,121
2962,104,177,2,291.0,1254.0,2020,5,6,2,0,0,1,2567.0,53,398,207
2962,76,236,577,285.0,959.0,2020,5,7,3,0,0,0,2601.0,53,414,42
2962,153,265,0,246.0,620.0,2020,5,8,4,0,0,0,2563.0,53,395,180
2962,94,195,659,245.0,1249.0,2020,5,11,0,0,0,0,2623.0,53,73,62
2962,67,230,690,250.0,968.0,2020,5,12,1,0,0,0,2645.0,53,231,192
2962,68,242,0,236.0,844.0,2020,5,13,2,0,0,0,2658.0,53,139,51
2962,71,281,488,212.0,793.0,2020,5,14,3,0,0,0,2679.0,36,187,73
2962,161,296,0,201.0,614.0,2020,5,15,4,0,0,0,2600.0,53,225,221
2962,96,223,701,246.0,1141.0,2020,5,18,0,0,0,0,2620.0,53,325,190
2962,78,235,617,237.0,935.0,2020,5,19,1,0,0,0,2647.0,53,88,76
2962,71,243,0,258.0,791.0,2020,5,20,2,0,0,0,2633.0,21,404,109
2962,63,269,474,218.0,653.0,2020,5,21,3,0,0,0,2681.0,53,329,236
2962,226,277,0,206.0,512.0,2020,5,22,4,0,0,0,2530.0,37,276,82
2962,98,206,732,229.0,1062.0,2020,5,25,0,0,0,0,2635.0,53,333,96
2962,70,220,649,200.0,781.0,2020,5,26,1,0,0,0,2692.0,53,49,172
2962,65,234,2,235.0,704.0,2020,5,27,2,0,0,0,2662.0,9,69,98
2962,66,270,431,212.0,662.0,2020,5,28,3,0,0,0,2684.0,53,299,253
2962,236,284,1,202.0,450.0,2020,5,29,4,0,0,0,2524.0,23,142,219
2956,109,185,612,215.0,1114.0,2020,6,1,0,0,0,0,2632.0,53,78,153
2956,64,231,605,213.0,761.0,2020,6,2,1,0,0,0,2679.0,53,109,68
2956,63,251,0,191.0,693.0,2020,6,3,2,0,0,0,2702.0,62,60,6
2956,71,284,403,208.0,657.0,2020,6,4,3,0,0,0,2677.0,53,238,222
2956,233,291,0,176.0,505.0,2020,6,5,4,0,1,0,2547.0,25,394,43
2956,121,236,566,201.0,1130.0,2020,6,8,0,0,0,0,2634.0,53,296,57
2956,68,253,519,177.0,823.0,2020,6,9,1,0,0,0,2711.0,53,88,171
2956,75,248,4,201.0,719.0,2020,6,10,2,0,0,0,2680.0,15,354,196
2956,82,280,399,172.0,682.0,2020,6,11,3,0,0,0,2702.0,53,55,89
2956,204,303,2,175.0,516.0,2020,6,12,4,0,0,0,2577.0,22,284,259
2997,71,252,9,153.0,866.0,2020,7,1,2,0,0,0,2773.0,53,150,43
2997,82,268,446,152.0,675.0,2020,7,2,3,0,0,0,2763.0,53,402,58
2997,261,288,1,157.0,607.0,2020,7,3,4,0,0,0,2579.0,73,192,64
2997,126,220,626,172.0,1132.0,2020,7,6,0,0,0,0,2699.0,53,343,90
2997,77,242,575,152.0,917.0,2020,7,7,1,0,0,0,2768.0,53,292,100
2997,77,251,7,158.0,847.0,2020,7,8,2,0,0,0,2762.0,53,303,263
2997,99,290,449,159.0,717.0,2020,7,9,3,0,0,0,2739.0,53,88,171
2997,233,290,0,135.0,611.0,2020,7,10,4,0,0,0,2629.0,53,109,86
2997,118,225,632,148.0,1260.0,2020,7,13,0,0,0,0,2731.0,23,142,109
2997,80,224,561,143.0,814.0,2020,7,14,1,0,0,0,2774.0,53,335,14
2997,80,248,4,183.0,842.0,2020,7,15,2,0,0,0,2734.0,31,288,246
2997,102,274,411,166.0,971.0,2020,7,16,3,0,0,0,2729.0,53,397,225
2997,249,291,2,148.0,656.0,2020,7,17,4,0,0,0,2600.0,53,258,31
2997,157,220,518,140.0,1190.0,2020,7,20,0,0,0,0,2700.0,58,112,271
2997,138,222,519,129.0,861.0,2020,7,21,1,0,0,0,2730.0,56,282,51
2997,165,250,9,149.0,823.0,2020,7,22,2,0,0,0,2683.0,58,292,178
2997,156,274,377,134.0,758.0,2020,7,23,3,0,0,0,2707.0,45,62,153
2997,344,281,0,115.0,450.0,2020,7,24,4,0,0,0,2538.0,58,148,265
2997,271,182,728,120.0,1118.0,2020,7,27,0,0,0,0,2606.0,58,274,282
2997,252,213,565,150.0,873.0,2020,7,28,1,0,0,0,2595.0,42,176,270
2997,256,233,11,150.0,871.0,2020,7,29,2,0,0,0,2591.0,58,204,208
2997,346,242,395,130.0,704.0,2020,7,30,3,0,0,0,2521.0,18,403,261
2997,496,261,0,125.0,477.0,2020,7,31,4,0,0,0,2376.0,58,215,233
2989,494,155,446,115.0,1033.0,2020,8,3,0,0,0,0,2380.0,58,291,29
2989,464,172,463,115.0,776.0,2020,8,4,1,0,0,0,2410.0,47,100,45
2989,490,182,7,115.0,720.0,2020,8,5,2,0,0,0,2384.0,58,317,86
2989,482,218,364,109.0,763.0,2020,8,6,3,0,0,0,2398.0,40,337,16
2989,605,239,1,142.0,476.0,2020,8,7,4,0,0,0,2242.0,58,81,186
2989,476,191,548,95.0,1011.0,2020,8,10,0,0,0,0,2418.0,58,221,136
2989,456,188,465,102.0,805.0,2020,8,11,1,0,0,0,2431.0,43,155,79
2989,449,213,12,111.0,701.0,2020,8,12,2,0,0,0,2429.0,58,300,131
2989,504,245,353,112.0,594.0,2020,8,13,3,0,0,0,2373.0,54,186,219
2989,644,256,1,116.0,477.0,2020,8,14,4,0,1,0,2229.0,58,197,66
2989,469,195,534,105.0,971.0,2020,8,18,1,0,0,1,2415.0,46,344,127
2989,420,227,10,126.0,801.0,2020,8,19,2,0,0,0,2443.0,58,164,84
2989,390,232,477,125.0,749.0,2020,8,20,3,0,0,0,2474.0,58,292,164
2989,497,249,0,149.0,514.0,2020,8,21,4,0,0,0,2343.0,58,305,182
2989,302,185,683,249.0,1178.0,2020,8,24,0,0,0,0,2438.0,58,366,115
2989,219,190,757,285.0,1046.0,2020,8,25,1,0,0,0,2485.0,47,362,171
2989,215,197,2,363.0,897.0,2020,8,26,2,0,0,0,2411.0,58,321,41
2989,205,211,575,316.0,963.0,2020,8,27,3,0,0,0,2468.0,40,101,49
2989,320,230,0,297.0,784.0,2020,8,28,4,0,0,0,2372.0,58,239,168
2989,183,163,648,464.0,1243.0,2020,8,31,0,0,0,0,2342.0,58,3,284
3132,73,111,630,527.0,1021.0,2020,9,1,1,0,0,0,2532.0,42,159,208
3132,78,155,0,522.0,1006.0,2020,9,2,2,0,0,0,2532.0,58,73,3
3132,119,195,531,511.0,924.0,2020,9,3,3,0,0,0,2502.0,55,147,87
3132,208,221,3,462.0,746.0,2020,9,4,4,0,0,0,2462.0,58,96,204
3132,122,163,774,439.0,1186.0,2020,9,7,0,0,0,0,2571.0,58,223,179
3132,91,173,730,441.0,986.0,2020,9,8,1,0,0,0,2600.0,4,331,234
3132,102,180,3,424.0,965.0,2020,9,9,2,0,0,0,2606.0,58,255,278
3132,106,220,600,430.0,881.0,2020,9,10,3,0,0,0,2596.0,47,252,62
3132,211,259,2,376.0,661.0,2020,9,11,4,0,0,0,2545.0,58,6,223
3132,102,188,725,368.0,1191.0,2020,9,14,0,0,0,0,2662.0,58,290,117
3132,79,209,676,422.0,855.0,2020,9,15,1,0,0,0,2631.0,41,144,168
3132,72,229,0,361.0,953.0,2020,9,16,2,0,0,0,2699.0,58,177,219
3132,84,245,588,368.0,797.0,2020,9,17,3,0,0,0,2680.0,58,241,10
3132,241,281,1,310.0,570.0,2020,9,18,4,0,0,0,2581.0,44,0,120
3132,105,210,742,354.0,1176.0,2020,9,21,0,0,0,0,2673.0,58,343,206
3132,99,224,600,342.0,908.0,2020,9,22,1,0,0,0,2691.0,47,100,95
3132,88,234,1,345.0,970.0,2020,9,23,2,0,0,0,2699.0,58,305,7
3132,102,262,505,314.0,739.0,2020,9,24,3,0,0,0,2716.0,55,369,134
3132,237,287,1,265.0,540.0,2020,9,25,4,0,0,0,2630.0,58,82,66
3132,985,188,81,142.0,358.0,2020,9,28,0,0,0,0,2005.0,58,291,80
3008,91,131,825,292.0,1252.0,2020,10,5,0,0,0,0,2625.0,58,154,15
3008,64,183,804,279.0,977.0,2020,10,6,1,0,0,0,2665.0,20,135,257
3008,54,232,6,292.0,880.0,2020,10,7,2,0,0,0,2662.0,58,185,39
3008,88,225,734,249.0,923.0,2020,10,8,3,0,1,0,2671.0,43,11,209
3008,105,215,555,221.0,1096.0,2020,10,12,0,0,0,0,2682.0,58,413,34
3008,72,248,534,188.0,839.0,2020,10,13,1,0,0,0,2748.0,47,319,164
3008,68,267,3,171.0,797.0,2020,10,14,2,0,0,0,2769.0,58,12,70
3008,97,269,898,175.0,793.0,2020,10,15,3,0,0,0,2736.0,58,99,277
3008,180,270,4,180.0,660.0,2020,10,16,4,0,0,0,2648.0,58,28,91
3008,143,211,588,135.0,1035.0,2020,10,19,0,0,0,0,2730.0,58,336,186
3008,84,241,518,144.0,851.0,2020,10,20,1,0,0,0,2780.0,55,347,217
3008,107,239,6,160.0,887.0,2020,10,21,2,0,0,0,2741.0,58,7,110
3008,116,271,791,162.0,799.0,2020,10,22,3,0,0,0,2730.0,38,134,22
3008,223,283,2,135.0,648.0,2020,10,23,4,0,0,0,2650.0,58,343,134
3008,156,228,570,144.0,1069.0,2020,10,26,0,0,0,0,2708.0,58,178,86
3008,105,265,496,136.0,839.0,2020,10,27,1,0,0,0,2767.0,42,296,160
3008,105,287,3,138.0,791.0,2020,10,28,2,0,0,0,2765.0,58,43,141
3008,131,298,418,137.0,667.0,2020,10,29,3,0,0,0,2740.0,54,59,0
3008,340,298,1,107.0,398.0,2020,10,30,4,0,0,0,2561.0,58,248,16
3021,162,213,616,132.0,1150.0,2020,11,2,0,0,0,0,2727.0,58,8,67
3021,100,270,530,107.0,810.0,2020,11,3,1,0,0,0,2814.0,47,95,63
3021,112,283,1,123.0,789.0,2020,11,4,2,0,0,0,2786.0,67,341,114
3021,114,306,464,116.0,596.0,2020,11,5,3,0,0,0,2791.0,52,241,276
3021,266,305,1,119.0,459.0,2020,11,6,4,0,0,0,2636.0,58,264,27
3021,144,241,691,131.0,1076.0,2020,11,9,0,0,0,0,2746.0,58,156,179
3021,104,289,526,124.0,784.0,2020,11,10,1,0,0,0,2793.0,41,129,108
3021,105,303,1,115.0,747.0,2020,11,11,2,0,0,0,2801.0,58,52,263
3021,125,308,464,105.0,678.0,2020,11,12,3,0,0,0,2791.0,47,393,134
3021,317,292,0,116.0,529.0,2020,11,13,4,0,0,0,2588.0,58,274,171
3021,164,217,733,128.0,1068.0,2020,11,16,0,0,0,0,2729.0,58,294,270
3021,112,274,691,119.0,784.0,2020,11,17,1,0,0,0,2790.0,55,275,107
3021,93,282,0,123.0,774.0,2020,11,18,2,0,0,0,2805.0,58,15,168
3021,144,277,541,110.0,653.0,2020,11,19,3,0,0,0,2767.0,40,243,186
3021,343,292,0,147.0,747.0,2020,11,20,4,0,0,0,2531.0,58,323,283
3021,198,208,899,261.0,1292.0,2020,11,23,0,0,0,0,2562.0,58,5,183
3021,202,181,878,357.0,1156.0,2020,11,24,1,0,0,0,2462.0,54,363,135
3021,206,191,3,387.0,1146.0,2020,11,25,2,0,0,0,2428.0,58,391,252
3021,230,219,641,391.0,1034.0,2020,11,26,3,0,0,0,2400.0,39,130,230
3021,406,235,2,301.0,895.0,2020,11,27,4,0,0,0,2314.0,58,299,258
3021,253,148,798,345.0,1273.0,2020,11,30,0,0,0,0,2423.0,58,77,25
2990,204,161,878,408.0,1324.0,2020,12,1,1,0,0,0,2378.0,55,14,29
2990,223,157,5,398.0,1188.0,2020,12,2,2,0,0,0,2369.0,0,165,261
2990,242,219,667,361.0,1059.0,2020,12,3,3,0,0,0,2387.0,57,305,68
2990,427,233,3,292.0,858.0,2020,12,4,4,0,0,0,2271.0,58,1,222
2990,211,185,941,339.0,1317.0,2020,12,7,0,0,0,0,2440.0,58,201,220
2990,172,182,852,377.0,1138.0,2020,12,8,1,0,0,0,2441.0,42,412,208
2990,199,191,2,419.0,994.0,2020,12,9,2,0,0,0,2372.0,58,148,268
2990,212,229,683,337.0,975.0,2020,12,10,3,0,0,0,2441.0,47,323,134
2990,398,228,0,292.0,742.0,2020,12,11,4,0,0,0,2300.0,58,82,26
2990,221,142,892,336.0,1329.0,2020,12,14,0,0,0,0,2433.0,58,9,1
2990,203,179,814,400.0,1202.0,2020,12,15,1,0,0,0,2387.0,54,369,24
2990,195,187,1,359.0,1135.0,2020,12,16,2,0,0,0,2436.0,58,396,2
2990,226,184,653,334.0,1096.0,2020,12,17,3,0,0,0,2430.0,58,10,4
2990,403,196,1,307.0,917.0,2020,12,18,4,0,0,0,2280.0,58,260,64
2990,248,153,526,339.0,1256.0,2020,12,21,0,0,0,0,2403.0,58,296,116
2990,270,171,362,330.0,984.0,2020,12,22,1,0,0,0,2390.0,54,383,92
2990,402,193,5,324.0,768.0,2020,12,23,2,0,0,0,2264.0,58,2,16
2990,777,160,24,273.0,591.0,2020,12,24,3,0,1,0,1940.0,1,291,269
2983,92,91,490,340.0,1405.0,2021,1,4,0,0,0,0,2551.0,58,191,150
2983,99,156,500,390.0,1128.0,2021,1,5,1,0,0,0,2494.0,46,114,218
2983,85,156,11,433.0,1014.0,2021,1,6,2,0,0,0,2465.0,58,70,193
2983,98,182,413,421.0,1040.0,2021,1,7,3,0,0,0,2464.0,47,176,179
2983,255,218,0,373.0,726.0,2021,1,8,4,0,0,0,2355.0,58,153,251
2983,105,158,517,369.0,1257.0,2021,1,11,0,0,0,0,2509.0,58,291,108
2983,83,168,433,404.0,963.0,2021,1,12,1,0,0,0,2496.0,40,13,68
2983,80,175,8,393.0,913.0,2021,1,13,2,0,0,0,2510.0,58,115,171
2983,90,205,428,370.0,1038.0,2021,1,14,3,0,0,0,2523.0,54,231,249
2983,229,222,0,339.0,702.0,2021,1,15,4,0,0,0,2415.0,58,45,136
2983,67,163,509,357.0,1277.0,2021,1,18,0,0,0,0,2559.0,58,343,182
2983,62,176,508,372.0,1038.0,2021,1,19,1,0,0,0,2549.0,42,202,86
2983,75,198,4,391.0,1093.0,2021,1,20,2,0,0,0,2517.0,58,265,178
2983,92,231,462,351.0,832.0,2021,1,21,3,0,0,0,2540.0,47,129,45
2983,255,248,1,303.0,579.0,2021,1,22,4,0,0,0,2425.0,68,307,19
2983,107,153,616,327.0,1145.0,2021,1,25,0,0,0,0,2549.0,58,107,227
2983,69,183,551,362.0,1015.0,2021,1,26,1,0,0,0,2552.0,41,54,73
